[Licensing::Module] Trying to connect to existing licensing client channel...
Built from '6000.4/respin/6000.4.12f1-6df48370b9ce' branch; Version is '6000.4.12f1 (3ca267ce8005) revision 3973735'; Using compiler version '194234433'; Build Type 'Release'
[Licensing::IpcConnector] Successfully connected to: "LicenseClient-matth" at "2026-10-08T19:23:29.2974068Z"
OS: 'Windows 11  (10.0.26200) Professional' Language: 'en' Physical Memory: 130518 MB
BatchMode: 1, IsHumanControllingUs: 0, StartBugReporterOnCrash: 0, Is64bit: 1
System  architecture: x64
Process architecture: x64
Date: 2026-10-08T19:23:29Z
[Licensing::Client] Code 10 while verifying Licensing Client signature (process Id: 2280, path: "C:/Program Files/Unity Hub/UnityLicensingClient_V1/Unity.Licensing.Client.exe")
[Licensing::Module] LicensingClient has failed validation; ignoring
[Licensing::Client] Handshaking with LicensingClient:
  Version:                 1.18.3+d7ffd15
  Session Id:              5234707e48274c699fb57a092eba8c42
  Correlation Id:          99786bbbfb1deef3b4dcf0b276f23199
  External correlation Id: 2066068712466559589
  Machine Id:              D6vvtXKrIX7jylsCBTq4qqlGfsU=
[Licensing::Module] Successfully connected to LicensingClient on channel: "LicenseClient-matth" (connect: 0.00s, validation: 0.00s, handshake: 0.03s)
[Licensing::IpcConnector] Successfully connected to: "LicenseClient-matth-notifications" at "2026-10-08T19:23:29.327565Z"
[Licensing::Module] Error: Access token is unavailable; failed to update
[Licensing::Client] Successfully resolved entitlement details
[Licensing::Module] License group:
  Id: 3574230460656-mash-games-corp-UnitXXXX
  Product: Unity Pro
  Type: Assigned
  Expiration: 2027-09-29T00:00:00Z
[Licensing::Client] Successfully updated license, isAsync: True, time: 0.00
[Licensing::Client] Successfully resolved entitlement details
[Licensing::Module] Licensing Background thread has ended after 0.03s

COMMAND LINE ARGUMENTS:
C:\Program Files\Unity\Hub\Editor\6000.4.12f1\Editor\Unity.exe
-batchmode
-nographics
-projectPath
D:\mashbox-sdk\com.mg.mashbox.sdk\Development~\MGTerrainImplementation~\TerrainMerge\UnityValidation
-executeMethod
MashBoxSDK.MapTools.MGTerrainSculptPreviewValidation.Run
-quit
-logFile
D:\MappyX\Assets\.terrain-perf-work~\after\correctness.log
Successfully changed project path to: D:\mashbox-sdk\com.mg.mashbox.sdk\Development~\MGTerrainImplementation~\TerrainMerge\UnityValidation
D:/mashbox-sdk/com.mg.mashbox.sdk/Development~/MGTerrainImplementation~/TerrainMerge/UnityValidation
[UnityMemory] Configuration Parameters - Can be set up in boot.config
    "memorysetup-temp-allocator-size-gi-baking-worker=262144"
    "memorysetup-temp-allocator-size-gi-baking-worker=262144"
    "memorysetup-temp-allocator-size-gi-baking-worker=262144"
    "memorysetup-temp-allocator-size-gi-baking-worker=262144"
    "memorysetup-temp-allocator-size-gi-baking-worker=262144"
    "memorysetup-temp-allocator-size-nav-mesh-worker=65536"
    "memorysetup-temp-allocator-size-audio-worker=65536"
    "memorysetup-temp-allocator-size-cloud-worker=32768"
    "memorysetup-temp-allocator-size-gfx=262144"
    "memorysetup-temp-allocator-size-preload-manager=33554432"
    "memorysetup-temp-allocator-size-job-worker=262144"
    "memorysetup-temp-allocator-size-background-worker=32768"
    "memorysetup-allocator-temp-initial-block-size-main=262144"
    "memorysetup-allocator-temp-initial-block-size-worker=262144"
    "memorysetup-bucket-allocator-granularity=16"
    "memorysetup-bucket-allocator-bucket-count=8"
    "memorysetup-bucket-allocator-block-size=33554432"
    "memorysetup-bucket-allocator-block-count=8"
    "memorysetup-main-allocator-block-size=16777216"
    "memorysetup-thread-allocator-block-size=16777216"
    "memorysetup-gfx-main-allocator-block-size=16777216"
    "memorysetup-gfx-thread-allocator-block-size=16777216"
    "memorysetup-cache-allocator-block-size=4194304"
    "memorysetup-typetree-allocator-block-size=2097152"
    "memorysetup-profiler-bucket-allocator-granularity=16"
    "memorysetup-profiler-bucket-allocator-bucket-count=8"
    "memorysetup-profiler-bucket-allocator-block-size=33554432"
    "memorysetup-profiler-bucket-allocator-block-count=8"
    "memorysetup-profiler-allocator-block-size=16777216"
    "memorysetup-profiler-editor-allocator-block-size=1048576"
    "memorysetup-temp-allocator-size-main=16777216"
    "memorysetup-job-temp-allocator-block-size=2097152"
    "memorysetup-job-temp-allocator-block-size-background=1048576"
    "memorysetup-job-temp-allocator-reduction-small-platforms=262144"
Player connection [58452]  Target information:

Player connection [58452]  * "[IP] 192.168.50.86 [Port] 55506 [Flags] 2 [Guid] 2739866900 [EditorId] 2739866900 [Version] 1048832 [Id] WindowsEditor(7,Destruction) [Debug] 1 [PackageName] WindowsEditor [ProjectName] Editor" 

Player connection [58452] Host joined multi-casting on [225.0.0.222:54997]...
Player connection [58452] Host joined alternative multi-casting on [225.0.0.222:34997]...
Input System module state changed to: Initialized.
[Physics::Module] Initialized fallback backend.
[Physics::Module] Id: 0xdecafbad
[Package Manager] Connected to IPC stream "Upm-60012" after 0.2 seconds.
[Licensing::Client] Successfully resolved entitlement details
Library Redirect Path: Library/
[Physics::Module] Selected backend.
[Physics::Module] Name: PhysX
[Physics::Module] Id: 0xf2b8ea05
[Physics::Module] SDK Version: 4.1.2
[Physics::Module] Integration Version: 1.0.0
[Physics::Module] Threading Mode: Multi-Threaded
Initialize engine version: 6000.4.12f1 (3ca267ce8005)
[Subsystems] Discovering subsystems at path C:/Program Files/Unity/Hub/Editor/6000.4.12f1/Editor/Data/Resources/UnitySubsystems
[Subsystems] Discovering subsystems at path D:/mashbox-sdk/com.mg.mashbox.sdk/Development~/MGTerrainImplementation~/TerrainMerge/UnityValidation/Assets
Forcing GfxDevice: Null
GfxDevice: creating device client; kGfxThreadingModeNonThreaded
NullGfxDevice:
    Version:  NULL 1.0 [1.0]
    Renderer: Null Device
    Vendor:   Unity Technologies
Initialize mono
Mono path[0] = 'C:/Program Files/Unity/Hub/Editor/6000.4.12f1/Editor/Data/Managed'
Mono path[1] = 'C:/Program Files/Unity/Hub/Editor/6000.4.12f1/Editor/Data/MonoBleedingEdge/lib/mono/unityjit-win32'
Mono config path = 'C:/Program Files/Unity/Hub/Editor/6000.4.12f1/Editor/Data/MonoBleedingEdge/etc'
Using monoOptions --debugger-agent=transport=dt_socket,embedding=1,server=y,suspend=n,address=127.0.0.1:56012
CodeReloadManager initialized
Using cacheserver namespaces - metadata:defaultmetadata, artifacts:defaultartifacts
Using cacheserver namespaces - metadata:defaultmetadata, artifacts:defaultartifacts
ImportWorker Server TCP listen port: 0
AcceleratorClientConnectionCallback - disconnected - :0
Begin MonoManager ReloadAssembly
Registering precompiled unity dll's ...
Register platform support module: C:/Program Files/Unity/Hub/Editor/6000.4.12f1/Editor/Data/PlaybackEngines/WindowsStandaloneSupport/UnityEditor.WindowsStandalone.Extensions.dll
Registered in 0.001496 seconds.
Native extension for WindowsStandalone target not found
Package Manager log level set to [2]
ScheduleIndexationOnStartup MainProcess:False IndexOnStartup:False
Mono: successfully reloaded assembly
- Finished resetting the current domain, in  0.251 seconds
Domain Reload Profiling: 543ms
	BeginReloadAssembly (88ms)
		CreateAndSetChildDomain (4ms)
	RebuildCommonClasses (26ms)
	RebuildNativeTypeToScriptingClass (7ms)
	initialDomainReloadingComplete (43ms)
	LoadAllAssembliesAndSetupDomain (127ms)
		LoadAssemblies (81ms)
		AnalyzeDomain (121ms)
			TypeCache.Refresh (119ms)
				TypeCache.ScanAssembly (110ms)
	FinalizeReload (252ms)
		SetupLoadedEditorAssemblies (0ms)
			InitializePlatformSupportModulesInManaged (30ms)
			BeforeProcessingInitializeOnLoad (52ms)
			ProcessInitializeOnLoadAttributes (69ms)
			ProcessInitializeOnLoadMethodAttributes (58ms)
[Licensing::Client] Successfully resolved entitlement details
Application.AssetDatabase Initial Refresh Start
[Package Manager] Restoring resolved packages state from cache
[Package Manager] Registered 0 packages:
[Subsystems] No new subsystems found in resolved package list.
[Package Manager] Done registering packages in 0.00 seconds
[API Updater] Processing imported assemblies took 177 ms (2/2 assembly(ies)).
Filename: C:\Program Files\Unity\Hub\Editor\6000.4.12f1\Editor\Data\NetCoreRuntime\dotnet.exe
Arguments: "C:/Program Files/Unity/Hub/Editor/6000.4.12f1/Editor/Data/Tools/BuildPipeline/Compilation/ApiUpdater/AssemblyUpdater.dll" update -a "Assets/Plugins/MashBoxSDK.dll" --output "C:/Users/matth/AppData/Local/Temp/tmp54fce8f2.tmp" --api-version 6000.4.12f1  -s "C:\Program Files\Unity\Hub\Editor\6000.4.12f1\Editor\Data\NetStandard\ref\2.1.0;C:\Program Files\Unity\Hub\Editor\6000.4.12f1\Editor\Data\NetStandard\compat\2.1.0\shims\netstandard;C:\Program Files\Unity\Hub\Editor\6000.4.12f1\Editor\Data\NetStandard\compat\2.1.0\shims\netfx;+D:/mashbox-sdk/com.mg.mashbox.sdk/Development~/MGTerrainImplementation~/TerrainMerge/UnityValidation/Assets;Library/ScriptAssemblies;+C:\Program Files\Unity\Hub\Editor\6000.4.12f1\Editor\Data\Managed\UnityEngine" "C:/Program Files/Unity/Hub/Editor/6000.4.12f1/Editor/Data/Managed/UnityEngine/UnityEngine.CoreModule.dll" "C:/Program Files/Unity/Hub/Editor/6000.4.12f1/Editor/Data/Managed/UnityEngine/UnityEditor.CoreModule.dll" "C:/Program Files/Unity/Hub/Editor/6000.4.12f1/Editor/Data/Managed/UnityEngine/UnityEngine.PhysicsModule.dll" "C:/Program Files/Unity/Hub/Editor/6000.4.12f1/Editor/Data/Managed/UnityEngine/UnityEngine.AnimationModule.dll" "C:/Program Files/Unity/Hub/Editor/6000.4.12f1/Editor/Data/Managed/UnityEngine/UnityEngine.IMGUIModule.dll" "C:/Program Files/Unity/Hub/Editor/6000.4.12f1/Editor/Data/Managed/UnityEngine/UnityEngine.TerrainModule.dll" "C:/Program Files/Unity/Hub/Editor/6000.4.12f1/Editor/Data/Managed/UnityEngine/UnityEngine.TextRenderingModule.dll" "C:/Program Files/Unity/Hub/Editor/6000.4.12f1/Editor/Data/Managed/UnityEngine/UnityEngine.JSONSerializeModule.dll"
Filename: C:\Program Files\Unity\Hub\Editor\6000.4.12f1\Editor\Data\NetCoreRuntime\dotnet.exe
Arguments: "C:/Program Files/Unity/Hub/Editor/6000.4.12f1/Editor/Data/Tools/BuildPipeline/Compilation/ApiUpdater/AssemblyUpdater.dll" update -a "Assets/Plugins/MashBoxSDK.Tools.Editor.dll" --output "C:/Users/matth/AppData/Local/Temp/tmp2d8be5b7.tmp" --api-version 6000.4.12f1  -s "C:\Program Files\Unity\Hub\Editor\6000.4.12f1\Editor\Data\NetStandard\ref\2.1.0;C:\Program Files\Unity\Hub\Editor\6000.4.12f1\Editor\Data\NetStandard\compat\2.1.0\shims\netstandard;C:\Program Files\Unity\Hub\Editor\6000.4.12f1\Editor\Data\NetStandard\compat\2.1.0\shims\netfx;+D:/mashbox-sdk/com.mg.mashbox.sdk/Development~/MGTerrainImplementation~/TerrainMerge/UnityValidation/Assets;Library/ScriptAssemblies;+C:\Program Files\Unity\Hub\Editor\6000.4.12f1\Editor\Data\Managed\UnityEngine" "C:/Program Files/Unity/Hub/Editor/6000.4.12f1/Editor/Data/Managed/UnityEngine/UnityEditor.CoreModule.dll" "C:/Program Files/Unity/Hub/Editor/6000.4.12f1/Editor/Data/Managed/UnityEngine/UnityEngine.CoreModule.dll" "C:/Program Files/Unity/Hub/Editor/6000.4.12f1/Editor/Data/Managed/UnityEngine/UnityEngine.IMGUIModule.dll" "C:/Program Files/Unity/Hub/Editor/6000.4.12f1/Editor/Data/Managed/UnityEngine/UnityEngine.TerrainModule.dll" "C:/Program Files/Unity/Hub/Editor/6000.4.12f1/Editor/Data/Managed/UnityEngine/UnityEngine.PhysicsModule.dll" "C:/Program Files/Unity/Hub/Editor/6000.4.12f1/Editor/Data/Managed/UnityEngine/UnityEngine.ParticleSystemModule.dll" "C:/Program Files/Unity/Hub/Editor/6000.4.12f1/Editor/Data/Managed/UnityEngine/UnityEngine.AssetBundleModule.dll" "C:/Program Files/Unity/Hub/Editor/6000.4.12f1/Editor/Data/Managed/UnityEngine/UnityEditor.EditorToolbarModule.dll" "C:/Program Files/Unity/Hub/Editor/6000.4.12f1/Editor/Data/Managed/UnityEngine/UnityEngine.UIElementsModule.dll" "C:/Program Files/Unity/Hub/Editor/6000.4.12f1/Editor/Data/Managed/UnityEngine/UnityEngine.TerrainPhysicsModule.dll" "C:/Program Files/Unity/Hub/Editor/6000.4.12f1/Editor/Data/Managed/UnityEngine/UnityEngine.UnityWebRequestModule.dll" "C:/Program Files/Unity/Hub/Editor/6000.4.12f1/Editor/Data/Managed/UnityEngine/UnityEngine.TextRenderingModule.dll" "C:/Program Files/Unity/Hub/Editor/6000.4.12f1/Editor/Data/Managed/UnityEngine/UnityEngine.ImageConversionModule.dll" "C:/Program Files/Unity/Hub/Editor/6000.4.12f1/Editor/Data/Managed/UnityEngine/UnityEngine.JSONSerializeModule.dll"
[API Updater] Assemblies not requiring updates:
[API Updater] Assets/Plugins/MashBoxSDK.dll
[API Updater] Assets/Plugins/MashBoxSDK.Tools.Editor.dll
[API Updater] Update finished with success in 2953 ms (0/2 assembly(ies) updated).
Assembly Updater Post Process Assets time: 3.132355s
[ScriptCompilation] Requested script compilation because: AssetDatabase observed changes in script compilation related files
Starting: C:\Program Files\Unity\Hub\Editor\6000.4.12f1\Editor\Data\Tools\BuildPipeline\bee_backend.exe --ipc --defer-dag-verification --dagfile="Library/Bee/1900b0aE.dag" --continue-on-failure --profile="Library/Bee/backend1.traceevents" ScriptAssemblies
WorkingDir: D:/mashbox-sdk/com.mg.mashbox.sdk/Development~/MGTerrainImplementation~/TerrainMerge/UnityValidation
DisplayProgressbar: Compiling Scripts
ExitCode: 0 Duration: 0s72ms
*** Tundra build success (0.04 seconds), 0 items updated, 1 evaluated
Begin MonoManager ReloadAssembly
Assembly Assembly-CSharp-Editor-firstpass.dll at Library/ScriptAssemblies/Assembly-CSharp-Editor-firstpass.dll not valid. Loading of assembly skipped.
Assembly Assembly-CSharp-Editor.dll at Library/ScriptAssemblies/Assembly-CSharp-Editor.dll not valid. Loading of assembly skipped.
Assembly Assembly-CSharp-firstpass.dll at Library/ScriptAssemblies/Assembly-CSharp-firstpass.dll not valid. Loading of assembly skipped.
Assembly Assembly-CSharp.dll at Library/ScriptAssemblies/Assembly-CSharp.dll not valid. Loading of assembly skipped.
Object is already loaded
Unexpected: object already in ms_IDToPointer map.
Object is already loaded
Unexpected: object already in ms_IDToPointer map.
Object is already loaded
Unexpected: object already in ms_IDToPointer map.
Native extension for WindowsStandalone target not found
Unable to initialize the burst JIT compiler. The folder `Packages/com.unity.burst/.Runtime` does not exist
UnityEngine.Debug:ExtractStackTraceNoAlloc (byte*,int,string)
UnityEngine.StackTraceUtility:ExtractStackTrace ()
UnityEngine.DebugLogHandler:Internal_Log (UnityEngine.LogType,UnityEngine.LogOption,string,UnityEngine.Object)
UnityEngine.DebugLogHandler:LogFormat (UnityEngine.LogType,UnityEngine.Object,string,object[])
UnityEngine.Logger:Log (UnityEngine.LogType,object)
UnityEngine.Debug:LogError (object)
Unity.Burst.LowLevel.BurstCompilerService:Initialize (string,Unity.Burst.LowLevel.BurstCompilerService/ExtractCompilerFlags)
Unity.Burst.Editor.BurstLoader:.cctor ()
System.Runtime.CompilerServices.RuntimeHelpers:RunClassConstructor (System.RuntimeTypeHandle)
UnityEditor.EditorAssemblies:ProcessInitializeOnLoadAttributes (System.Type[])

Can't locate Bakery folder
UnityEngine.Debug:ExtractStackTraceNoAlloc (byte*,int,string)
UnityEngine.StackTraceUtility:ExtractStackTrace ()
UnityEngine.DebugLogHandler:Internal_Log (UnityEngine.LogType,UnityEngine.LogOption,string,UnityEngine.Object)
UnityEngine.DebugLogHandler:LogFormat (UnityEngine.LogType,UnityEngine.Object,string,object[])
UnityEngine.Logger:Log (UnityEngine.LogType,object)
UnityEngine.Debug:LogError (object)
ftLightmaps:GetEditorPath ()
ftDefine:CreateAsmDefs ()
ftDefine:.cctor ()
System.Runtime.CompilerServices.RuntimeHelpers:RunClassConstructor (System.RuntimeTypeHandle)
UnityEditor.EditorAssemblies:ProcessInitializeOnLoadAttributes (System.Type[])

NoiseLib: Fractal Template File at "Packages/com.unity.terrain-tools/Shaders/NoiseLib/Templates/FractalFbm.noisehlsltemplate" could not be found! Skipping generation of: Fbm
UnityEngine.Debug:ExtractStackTraceNoAlloc (byte*,int,string)
UnityEngine.StackTraceUtility:ExtractStackTrace ()
UnityEngine.DebugLogHandler:Internal_Log (UnityEngine.LogType,UnityEngine.LogOption,string,UnityEngine.Object)
UnityEngine.DebugLogHandler:LogFormat (UnityEngine.LogType,UnityEngine.Object,string,object[])
UnityEngine.Logger:Log (UnityEngine.LogType,object)
UnityEngine.Debug:LogError (object)
UnityEditor.TerrainTools.NoiseLib:LoadFractalSource (UnityEditor.TerrainTools.IFractalType[])
UnityEditor.TerrainTools.NoiseLib:GenerateHeaderFiles ()
UnityEditor.TerrainTools.NoiseLib:.cctor ()
System.Runtime.CompilerServices.RuntimeHelpers:RunClassConstructor (System.RuntimeTypeHandle)
UnityEditor.EditorAssemblies:ProcessInitializeOnLoadAttributes (System.Type[])

NoiseLib: Fractal Template File at "Packages/com.unity.terrain-tools/Shaders/NoiseLib/Templates/FractalNone.noisehlsltemplate" could not be found! Skipping generation of: None
UnityEngine.Debug:ExtractStackTraceNoAlloc (byte*,int,string)
UnityEngine.StackTraceUtility:ExtractStackTrace ()
UnityEngine.DebugLogHandler:Internal_Log (UnityEngine.LogType,UnityEngine.LogOption,string,UnityEngine.Object)
UnityEngine.DebugLogHandler:LogFormat (UnityEngine.LogType,UnityEngine.Object,string,object[])
UnityEngine.Logger:Log (UnityEngine.LogType,object)
UnityEngine.Debug:LogError (object)
UnityEditor.TerrainTools.NoiseLib:LoadFractalSource (UnityEditor.TerrainTools.IFractalType[])
UnityEditor.TerrainTools.NoiseLib:GenerateHeaderFiles ()
UnityEditor.TerrainTools.NoiseLib:.cctor ()
System.Runtime.CompilerServices.RuntimeHelpers:RunClassConstructor (System.RuntimeTypeHandle)
UnityEditor.EditorAssemblies:ProcessInitializeOnLoadAttributes (System.Type[])

NoiseLib: Fractal Template File at "Packages/com.unity.terrain-tools/Shaders/NoiseLib/Templates/FractalStrata.noisehlsltemplate" could not be found! Skipping generation of: Strata
UnityEngine.Debug:ExtractStackTraceNoAlloc (byte*,int,string)
UnityEngine.StackTraceUtility:ExtractStackTrace ()
UnityEngine.DebugLogHandler:Internal_Log (UnityEngine.LogType,UnityEngine.LogOption,string,UnityEngine.Object)
UnityEngine.DebugLogHandler:LogFormat (UnityEngine.LogType,UnityEngine.Object,string,object[])
UnityEngine.Logger:Log (UnityEngine.LogType,object)
UnityEngine.Debug:LogError (object)
UnityEditor.TerrainTools.NoiseLib:LoadFractalSource (UnityEditor.TerrainTools.IFractalType[])
UnityEditor.TerrainTools.NoiseLib:GenerateHeaderFiles ()
UnityEditor.TerrainTools.NoiseLib:.cctor ()
System.Runtime.CompilerServices.RuntimeHelpers:RunClassConstructor (System.RuntimeTypeHandle)
UnityEditor.EditorAssemblies:ProcessInitializeOnLoadAttributes (System.Type[])

NoiseLib: Noise Include File could not be found! Skipping generation of: Value
UnityEngine.Debug:ExtractStackTraceNoAlloc (byte*,int,string)
UnityEngine.StackTraceUtility:ExtractStackTrace ()
UnityEngine.DebugLogHandler:Internal_Log (UnityEngine.LogType,UnityEngine.LogOption,string,UnityEngine.Object)
UnityEngine.DebugLogHandler:LogFormat (UnityEngine.LogType,UnityEngine.Object,string,object[])
UnityEngine.Logger:Log (UnityEngine.LogType,object)
UnityEngine.Debug:LogError (object)
UnityEditor.TerrainTools.NoiseLib:LoadNoiseSource (UnityEditor.TerrainTools.INoiseType[])
UnityEditor.TerrainTools.NoiseLib:GenerateHeaderFiles ()
UnityEditor.TerrainTools.NoiseLib:.cctor ()
System.Runtime.CompilerServices.RuntimeHelpers:RunClassConstructor (System.RuntimeTypeHandle)
UnityEditor.EditorAssemblies:ProcessInitializeOnLoadAttributes (System.Type[])

NoiseLib: Noise Include File could not be found! Skipping generation of: Voronoi
UnityEngine.Debug:ExtractStackTraceNoAlloc (byte*,int,string)
UnityEngine.StackTraceUtility:ExtractStackTrace ()
UnityEngine.DebugLogHandler:Internal_Log (UnityEngine.LogType,UnityEngine.LogOption,string,UnityEngine.Object)
UnityEngine.DebugLogHandler:LogFormat (UnityEngine.LogType,UnityEngine.Object,string,object[])
UnityEngine.Logger:Log (UnityEngine.LogType,object)
UnityEngine.Debug:LogError (object)
UnityEditor.TerrainTools.NoiseLib:LoadNoiseSource (UnityEditor.TerrainTools.INoiseType[])
UnityEditor.TerrainTools.NoiseLib:GenerateHeaderFiles ()
UnityEditor.TerrainTools.NoiseLib:.cctor ()
System.Runtime.CompilerServices.RuntimeHelpers:RunClassConstructor (System.RuntimeTypeHandle)
UnityEditor.EditorAssemblies:ProcessInitializeOnLoadAttributes (System.Type[])

NoiseLib: Noise Include File could not be found! Skipping generation of: Perlin
UnityEngine.Debug:ExtractStackTraceNoAlloc (byte*,int,string)
UnityEngine.StackTraceUtility:ExtractStackTrace ()
UnityEngine.DebugLogHandler:Internal_Log (UnityEngine.LogType,UnityEngine.LogOption,string,UnityEngine.Object)
UnityEngine.DebugLogHandler:LogFormat (UnityEngine.LogType,UnityEngine.Object,string,object[])
UnityEngine.Logger:Log (UnityEngine.LogType,object)
UnityEngine.Debug:LogError (object)
UnityEditor.TerrainTools.NoiseLib:LoadNoiseSource (UnityEditor.TerrainTools.INoiseType[])
UnityEditor.TerrainTools.NoiseLib:GenerateHeaderFiles ()
UnityEditor.TerrainTools.NoiseLib:.cctor ()
System.Runtime.CompilerServices.RuntimeHelpers:RunClassConstructor (System.RuntimeTypeHandle)
UnityEditor.EditorAssemblies:ProcessInitializeOnLoadAttributes (System.Type[])

NoiseLib: Noise Include File could not be found! Skipping generation of: Billow
UnityEngine.Debug:ExtractStackTraceNoAlloc (byte*,int,string)
UnityEngine.StackTraceUtility:ExtractStackTrace ()
UnityEngine.DebugLogHandler:Internal_Log (UnityEngine.LogType,UnityEngine.LogOption,string,UnityEngine.Object)
UnityEngine.DebugLogHandler:LogFormat (UnityEngine.LogType,UnityEngine.Object,string,object[])
UnityEngine.Logger:Log (UnityEngine.LogType,object)
UnityEngine.Debug:LogError (object)
UnityEditor.TerrainTools.NoiseLib:LoadNoiseSource (UnityEditor.TerrainTools.INoiseType[])
UnityEditor.TerrainTools.NoiseLib:GenerateHeaderFiles ()
UnityEditor.TerrainTools.NoiseLib:.cctor ()
System.Runtime.CompilerServices.RuntimeHelpers:RunClassConstructor (System.RuntimeTypeHandle)
UnityEditor.EditorAssemblies:ProcessInitializeOnLoadAttributes (System.Type[])

NoiseLib: Noise Include File could not be found! Skipping generation of: Ridge
UnityEngine.Debug:ExtractStackTraceNoAlloc (byte*,int,string)
UnityEngine.StackTraceUtility:ExtractStackTrace ()
UnityEngine.DebugLogHandler:Internal_Log (UnityEngine.LogType,UnityEngine.LogOption,string,UnityEngine.Object)
UnityEngine.DebugLogHandler:LogFormat (UnityEngine.LogType,UnityEngine.Object,string,object[])
UnityEngine.Logger:Log (UnityEngine.LogType,object)
UnityEngine.Debug:LogError (object)
UnityEditor.TerrainTools.NoiseLib:LoadNoiseSource (UnityEditor.TerrainTools.INoiseType[])
UnityEditor.TerrainTools.NoiseLib:GenerateHeaderFiles ()
UnityEditor.TerrainTools.NoiseLib:.cctor ()
System.Runtime.CompilerServices.RuntimeHelpers:RunClassConstructor (System.RuntimeTypeHandle)
UnityEditor.EditorAssemblies:ProcessInitializeOnLoadAttributes (System.Type[])

Could not find specified template file for noise shader generator:  (UnityEditor.TerrainTools.NoiseFillShaderGenerator)
UnityEngine.Debug:ExtractStackTraceNoAlloc (byte*,int,string)
UnityEngine.StackTraceUtility:ExtractStackTrace ()
UnityEngine.DebugLogHandler:Internal_Log (UnityEngine.LogType,UnityEngine.LogOption,string,UnityEngine.Object)
UnityEngine.DebugLogHandler:LogFormat (UnityEngine.LogType,UnityEngine.Object,string,object[])
UnityEngine.Logger:Log (UnityEngine.LogType,object)
UnityEngine.Debug:LogError (object)
UnityEditor.TerrainTools.NoiseLib:GenerateShaders ()
UnityEditor.TerrainTools.NoiseLib:.cctor ()
System.Runtime.CompilerServices.RuntimeHelpers:RunClassConstructor (System.RuntimeTypeHandle)
UnityEditor.EditorAssemblies:ProcessInitializeOnLoadAttributes (System.Type[])

Could not find specified template file for noise shader generator:  (UnityEditor.TerrainTools.NoiseBlitShaderGenerator)
UnityEngine.Debug:ExtractStackTraceNoAlloc (byte*,int,string)
UnityEngine.StackTraceUtility:ExtractStackTrace ()
UnityEngine.DebugLogHandler:Internal_Log (UnityEngine.LogType,UnityEngine.LogOption,string,UnityEngine.Object)
UnityEngine.DebugLogHandler:LogFormat (UnityEngine.LogType,UnityEngine.Object,string,object[])
UnityEngine.Logger:Log (UnityEngine.LogType,object)
UnityEngine.Debug:LogError (object)
UnityEditor.TerrainTools.NoiseLib:GenerateShaders ()
UnityEditor.TerrainTools.NoiseLib:.cctor ()
System.Runtime.CompilerServices.RuntimeHelpers:RunClassConstructor (System.RuntimeTypeHandle)
UnityEditor.EditorAssemblies:ProcessInitializeOnLoadAttributes (System.Type[])

Error detecting Visual Studio installations: System.ComponentModel.Win32Exception (0x80004005): ApplicationName='D:\mashbox-sdk\com.mg.mashbox.sdk\Development~\MGTerrainImplementation~\TerrainMerge\UnityValidation\Packages\com.unity.ide.visualstudio\Editor\VSWhere\vswhere.exe', CommandLine='-prerelease -format json', CurrentDirectory='', Native error= The system cannot find the file specified.
UnityEngine.Debug:ExtractStackTraceNoAlloc (byte*,int,string)
UnityEngine.StackTraceUtility:ExtractStackTrace ()
UnityEngine.DebugLogHandler:Internal_Log (UnityEngine.LogType,UnityEngine.LogOption,string,UnityEngine.Object)
UnityEngine.DebugLogHandler:LogFormat (UnityEngine.LogType,UnityEngine.Object,string,object[])
UnityEngine.Logger:Log (UnityEngine.LogType,object)
UnityEngine.Debug:LogError (object)
Microsoft.Unity.VisualStudio.Editor.VisualStudioEditor:DiscoverInstallations ()
Microsoft.Unity.VisualStudio.Editor.AsyncOperation`1<System.Collections.Generic.Dictionary`2<string, Microsoft.Unity.VisualStudio.Editor.IVisualStudioInstallation>>:<Run>b__8_0 (object)
System.Threading.QueueUserWorkItemCallback:WaitCallback_Context (object)
System.Threading.ExecutionContext:RunInternal (System.Threading.ExecutionContext,System.Threading.ContextCallback,object,bool)
System.Threading.ExecutionContext:Run (System.Threading.ExecutionContext,System.Threading.ContextCallback,object,bool)
System.Threading.QueueUserWorkItemCallback:System.Threading.IThreadPoolWorkItem.ExecuteWorkItem ()
System.Threading.ThreadPoolWorkQueue:Dispatch ()
System.Threading._ThreadPoolWaitCallback:PerformWaitCallback ()

[MODES] ModeService[none].Initialize
[MODES] ModeService[none].LoadModes
[MODES] Loading mode Default (0) for mode-current-id-UnityValidation
ScheduleIndexationOnStartup MainProcess:True IndexOnStartup:True
Mono: successfully reloaded assembly
- Finished resetting the current domain, in  0.737 seconds
Domain Reload Profiling: 1569ms
	BeginReloadAssembly (275ms)
		DisableScriptedObjects (52ms)
		CreateAndSetChildDomain (126ms)
	RebuildCommonClasses (23ms)
	RebuildNativeTypeToScriptingClass (8ms)
	initialDomainReloadingComplete (58ms)
	LoadAllAssembliesAndSetupDomain (469ms)
		LoadAssemblies (310ms)
		AnalyzeDomain (223ms)
			TypeCache.Refresh (203ms)
				TypeCache.ScanAssembly (187ms)
			BuildScriptInfoCaches (8ms)
			ResolveRequiredComponents (10ms)
	FinalizeReload (737ms)
		SetupLoadedEditorAssemblies (0ms)
			InitializePlatformSupportModulesInManaged (15ms)
			BeforeProcessingInitializeOnLoad (74ms)
			ProcessInitializeOnLoadAttributes (431ms)
			ProcessInitializeOnLoadMethodAttributes (89ms)
			AfterProcessingInitializeOnLoad (5ms)
		AwakeInstancesAfterBackupRestoration (14ms)
No restricted APIs configured; Validation skipped.
Checking 2 assemblies for restricted APIs found 0 usage(s) in 2 ms
Failed to find Assets/Runtime/RenderPipelineResources/Texture/MoonAlbedo.png in ProjectPath.
UnityEngine.Debug:ExtractStackTraceNoAlloc (byte*,int,string)
UnityEngine.StackTraceUtility:ExtractStackTrace ()
UnityEngine.DebugLogHandler:Internal_Log (UnityEngine.LogType,UnityEngine.LogOption,string,UnityEngine.Object)
UnityEngine.DebugLogHandler:LogFormat (UnityEngine.LogType,UnityEngine.Object,string,object[])
UnityEngine.Logger:Log (UnityEngine.LogType,object)
UnityEngine.Debug:LogError (object)
UnityEditor.Rendering.RenderPipelineResourcesEditorUtils:TryReloadContainedNullFields (UnityEngine.Rendering.IRenderPipelineResources)
UnityEditor.Rendering.Settings.RenderPipelineGraphicsSettingsManager:UpdateRenderPipelineGlobalSettings (UnityEditor.Rendering.Settings.RenderPipelineGraphicsSettingsManager/RenderPipelineGraphicsSettingsInfo,UnityEngine.Rendering.RenderPipelineGlobalSettings,bool&,UnityEngine.Rendering.IRenderPipelineGraphicsSettings&)
UnityEditor.Rendering.Settings.RenderPipelineGraphicsSettingsManager:PopulateRenderPipelineGraphicsSettings (UnityEngine.Rendering.RenderPipelineGlobalSettings)
UnityEditor.Rendering.EditorGraphicsSettings:SetRenderPipelineGlobalSettingsAsset (System.Type,UnityEngine.Rendering.RenderPipelineGlobalSettings)
UnityEditor.Rendering.EditorGraphicsSettings:SetRenderPipelineGlobalSettingsAsset<UnityEngine.Rendering.HighDefinition.HDRenderPipeline> (UnityEngine.Rendering.RenderPipelineGlobalSettings)
UnityEngine.Rendering.RenderPipelineGlobalSettingsUtils:TryEnsure<UnityEngine.Rendering.HighDefinition.HDRenderPipelineGlobalSettings, UnityEngine.Rendering.HighDefinition.HDRenderPipeline> (UnityEngine.Rendering.HighDefinition.HDRenderPipelineGlobalSettings&,string,bool,System.Exception&)
UnityEngine.Rendering.RenderPipelineGlobalSettingsUtils:TryEnsure<UnityEngine.Rendering.HighDefinition.HDRenderPipelineGlobalSettings, UnityEngine.Rendering.HighDefinition.HDRenderPipeline> (UnityEngine.Rendering.HighDefinition.HDRenderPipelineGlobalSettings&,string,bool)
UnityEngine.Rendering.HighDefinition.HDRenderPipelineGlobalSettings:Ensure (bool)
UnityEditor.Rendering.HighDefinition.HDRenderPipelineGlobalSettingsPostprocessor:OnPostprocessAllAssets (string[],string[],string[],string[],bool)
System.Reflection.RuntimeMethodInfo:Invoke (object,System.Reflection.BindingFlags,System.Reflection.Binder,object[],System.Globalization.CultureInfo)
System.Reflection.MethodBase:Invoke (object,object[])
UnityEditor.AssetPostprocessingInternal:InvokeMethod (System.Reflection.MethodInfo,object[])
UnityEditor.AssetPostprocessingInternal:PostprocessAllAssets (string[],string[],string[],string[],string[],bool)

Failed to find Assets/Runtime/Lighting/VolumetricClouds/VolumetricClouds.compute in ProjectPath.
UnityEngine.Debug:ExtractStackTraceNoAlloc (byte*,int,string)
UnityEngine.StackTraceUtility:ExtractStackTrace ()
UnityEngine.DebugLogHandler:Internal_Log (UnityEngine.LogType,UnityEngine.LogOption,string,UnityEngine.Object)
UnityEngine.DebugLogHandler:LogFormat (UnityEngine.LogType,UnityEngine.Object,string,object[])
UnityEngine.Logger:Log (UnityEngine.LogType,object)
UnityEngine.Debug:LogError (object)
UnityEditor.Rendering.RenderPipelineResourcesEditorUtils:TryReloadContainedNullFields (UnityEngine.Rendering.IRenderPipelineResources)
UnityEditor.Rendering.Settings.RenderPipelineGraphicsSettingsManager:UpdateRenderPipelineGlobalSettings (UnityEditor.Rendering.Settings.RenderPipelineGraphicsSettingsManager/RenderPipelineGraphicsSettingsInfo,UnityEngine.Rendering.RenderPipelineGlobalSettings,bool&,UnityEngine.Rendering.IRenderPipelineGraphicsSettings&)
UnityEditor.Rendering.Settings.RenderPipelineGraphicsSettingsManager:PopulateRenderPipelineGraphicsSettings (UnityEngine.Rendering.RenderPipelineGlobalSettings)
UnityEditor.Rendering.EditorGraphicsSettings:SetRenderPipelineGlobalSettingsAsset (System.Type,UnityEngine.Rendering.RenderPipelineGlobalSettings)
UnityEditor.Rendering.EditorGraphicsSettings:SetRenderPipelineGlobalSettingsAsset<UnityEngine.Rendering.HighDefinition.HDRenderPipeline> (UnityEngine.Rendering.RenderPipelineGlobalSettings)
UnityEngine.Rendering.RenderPipelineGlobalSettingsUtils:TryEnsure<UnityEngine.Rendering.HighDefinition.HDRenderPipelineGlobalSettings, UnityEngine.Rendering.HighDefinition.HDRenderPipeline> (UnityEngine.Rendering.HighDefinition.HDRenderPipelineGlobalSettings&,string,bool,System.Exception&)
UnityEngine.Rendering.RenderPipelineGlobalSettingsUtils:TryEnsure<UnityEngine.Rendering.HighDefinition.HDRenderPipelineGlobalSettings, UnityEngine.Rendering.HighDefinition.HDRenderPipeline> (UnityEngine.Rendering.HighDefinition.HDRenderPipelineGlobalSettings&,string,bool)
UnityEngine.Rendering.HighDefinition.HDRenderPipelineGlobalSettings:Ensure (bool)
UnityEditor.Rendering.HighDefinition.HDRenderPipelineGlobalSettingsPostprocessor:OnPostprocessAllAssets (string[],string[],string[],string[],bool)
System.Reflection.RuntimeMethodInfo:Invoke (object,System.Reflection.BindingFlags,System.Reflection.Binder,object[],System.Globalization.CultureInfo)
System.Reflection.MethodBase:Invoke (object,object[])
UnityEditor.AssetPostprocessingInternal:InvokeMethod (System.Reflection.MethodInfo,object[])
UnityEditor.AssetPostprocessingInternal:PostprocessAllAssets (string[],string[],string[],string[],string[],bool)

Failed to find Assets/Runtime/RenderPipeline/Raytracing/Shaders/Reflections/RaytracingReflections.raytrace in ProjectPath.
UnityEngine.Debug:ExtractStackTraceNoAlloc (byte*,int,string)
UnityEngine.StackTraceUtility:ExtractStackTrace ()
UnityEngine.DebugLogHandler:Internal_Log (UnityEngine.LogType,UnityEngine.LogOption,string,UnityEngine.Object)
UnityEngine.DebugLogHandler:LogFormat (UnityEngine.LogType,UnityEngine.Object,string,object[])
UnityEngine.Logger:Log (UnityEngine.LogType,object)
UnityEngine.Debug:LogError (object)
UnityEditor.Rendering.RenderPipelineResourcesEditorUtils:TryReloadContainedNullFields (UnityEngine.Rendering.IRenderPipelineResources)
UnityEditor.Rendering.Settings.RenderPipelineGraphicsSettingsManager:UpdateRenderPipelineGlobalSettings (UnityEditor.Rendering.Settings.RenderPipelineGraphicsSettingsManager/RenderPipelineGraphicsSettingsInfo,UnityEngine.Rendering.RenderPipelineGlobalSettings,bool&,UnityEngine.Rendering.IRenderPipelineGraphicsSettings&)
UnityEditor.Rendering.Settings.RenderPipelineGraphicsSettingsManager:PopulateRenderPipelineGraphicsSettings (UnityEngine.Rendering.RenderPipelineGlobalSettings)
UnityEditor.Rendering.EditorGraphicsSettings:SetRenderPipelineGlobalSettingsAsset (System.Type,UnityEngine.Rendering.RenderPipelineGlobalSettings)
UnityEditor.Rendering.EditorGraphicsSettings:SetRenderPipelineGlobalSettingsAsset<UnityEngine.Rendering.HighDefinition.HDRenderPipeline> (UnityEngine.Rendering.RenderPipelineGlobalSettings)
UnityEngine.Rendering.RenderPipelineGlobalSettingsUtils:TryEnsure<UnityEngine.Rendering.HighDefinition.HDRenderPipelineGlobalSettings, UnityEngine.Rendering.HighDefinition.HDRenderPipeline> (UnityEngine.Rendering.HighDefinition.HDRenderPipelineGlobalSettings&,string,bool,System.Exception&)
UnityEngine.Rendering.RenderPipelineGlobalSettingsUtils:TryEnsure<UnityEngine.Rendering.HighDefinition.HDRenderPipelineGlobalSettings, UnityEngine.Rendering.HighDefinition.HDRenderPipeline> (UnityEngine.Rendering.HighDefinition.HDRenderPipelineGlobalSettings&,string,bool)
UnityEngine.Rendering.HighDefinition.HDRenderPipelineGlobalSettings:Ensure (bool)
UnityEditor.Rendering.HighDefinition.HDRenderPipelineGlobalSettingsPostprocessor:OnPostprocessAllAssets (string[],string[],string[],string[],bool)
System.Reflection.RuntimeMethodInfo:Invoke (object,System.Reflection.BindingFlags,System.Reflection.Binder,object[],System.Globalization.CultureInfo)
System.Reflection.MethodBase:Invoke (object,object[])
UnityEditor.AssetPostprocessingInternal:InvokeMethod (System.Reflection.MethodInfo,object[])
UnityEditor.AssetPostprocessingInternal:PostprocessAllAssets (string[],string[],string[],string[],string[],bool)

Failed to find Assets/Runtime/Material/Lit/Lit.shader in ProjectPath.
UnityEngine.Debug:ExtractStackTraceNoAlloc (byte*,int,string)
UnityEngine.StackTraceUtility:ExtractStackTrace ()
UnityEngine.DebugLogHandler:Internal_Log (UnityEngine.LogType,UnityEngine.LogOption,string,UnityEngine.Object)
UnityEngine.DebugLogHandler:LogFormat (UnityEngine.LogType,UnityEngine.Object,string,object[])
UnityEngine.Logger:Log (UnityEngine.LogType,object)
UnityEngine.Debug:LogError (object)
UnityEditor.Rendering.RenderPipelineResourcesEditorUtils:TryReloadContainedNullFields (UnityEngine.Rendering.IRenderPipelineResources)
UnityEditor.Rendering.Settings.RenderPipelineGraphicsSettingsManager:UpdateRenderPipelineGlobalSettings (UnityEditor.Rendering.Settings.RenderPipelineGraphicsSettingsManager/RenderPipelineGraphicsSettingsInfo,UnityEngine.Rendering.RenderPipelineGlobalSettings,bool&,UnityEngine.Rendering.IRenderPipelineGraphicsSettings&)
UnityEditor.Rendering.Settings.RenderPipelineGraphicsSettingsManager:PopulateRenderPipelineGraphicsSettings (UnityEngine.Rendering.RenderPipelineGlobalSettings)
UnityEditor.Rendering.EditorGraphicsSettings:SetRenderPipelineGlobalSettingsAsset (System.Type,UnityEngine.Rendering.RenderPipelineGlobalSettings)
UnityEditor.Rendering.EditorGraphicsSettings:SetRenderPipelineGlobalSettingsAsset<UnityEngine.Rendering.HighDefinition.HDRenderPipeline> (UnityEngine.Rendering.RenderPipelineGlobalSettings)
UnityEngine.Rendering.RenderPipelineGlobalSettingsUtils:TryEnsure<UnityEngine.Rendering.HighDefinition.HDRenderPipelineGlobalSettings, UnityEngine.Rendering.HighDefinition.HDRenderPipeline> (UnityEngine.Rendering.HighDefinition.HDRenderPipelineGlobalSettings&,string,bool,System.Exception&)
UnityEngine.Rendering.RenderPipelineGlobalSettingsUtils:TryEnsure<UnityEngine.Rendering.HighDefinition.HDRenderPipelineGlobalSettings, UnityEngine.Rendering.HighDefinition.HDRenderPipeline> (UnityEngine.Rendering.HighDefinition.HDRenderPipelineGlobalSettings&,string,bool)
UnityEngine.Rendering.HighDefinition.HDRenderPipelineGlobalSettings:Ensure (bool)
UnityEditor.Rendering.HighDefinition.HDRenderPipelineGlobalSettingsPostprocessor:OnPostprocessAllAssets (string[],string[],string[],string[],bool)
System.Reflection.RuntimeMethodInfo:Invoke (object,System.Reflection.BindingFlags,System.Reflection.Binder,object[],System.Globalization.CultureInfo)
System.Reflection.MethodBase:Invoke (object,object[])
UnityEditor.AssetPostprocessingInternal:InvokeMethod (System.Reflection.MethodInfo,object[])
UnityEditor.AssetPostprocessingInternal:PostprocessAllAssets (string[],string[],string[],string[],string[],bool)

Failed to find Assets/Runtime/Debug/GPUInlineDebugDrawer.shader in ProjectPath.
UnityEngine.Debug:ExtractStackTraceNoAlloc (byte*,int,string)
UnityEngine.StackTraceUtility:ExtractStackTrace ()
UnityEngine.DebugLogHandler:Internal_Log (UnityEngine.LogType,UnityEngine.LogOption,string,UnityEngine.Object)
UnityEngine.DebugLogHandler:LogFormat (UnityEngine.LogType,UnityEngine.Object,string,object[])
UnityEngine.Logger:Log (UnityEngine.LogType,object)
UnityEngine.Debug:LogError (object)
UnityEditor.Rendering.RenderPipelineResourcesEditorUtils:TryReloadContainedNullFields (UnityEngine.Rendering.IRenderPipelineResources)
UnityEditor.Rendering.Settings.RenderPipelineGraphicsSettingsManager:UpdateRenderPipelineGlobalSettings (UnityEditor.Rendering.Settings.RenderPipelineGraphicsSettingsManager/RenderPipelineGraphicsSettingsInfo,UnityEngine.Rendering.RenderPipelineGlobalSettings,bool&,UnityEngine.Rendering.IRenderPipelineGraphicsSettings&)
UnityEditor.Rendering.Settings.RenderPipelineGraphicsSettingsManager:PopulateRenderPipelineGraphicsSettings (UnityEngine.Rendering.RenderPipelineGlobalSettings)
UnityEditor.Rendering.EditorGraphicsSettings:SetRenderPipelineGlobalSettingsAsset (System.Type,UnityEngine.Rendering.RenderPipelineGlobalSettings)
UnityEditor.Rendering.EditorGraphicsSettings:SetRenderPipelineGlobalSettingsAsset<UnityEngine.Rendering.HighDefinition.HDRenderPipeline> (UnityEngine.Rendering.RenderPipelineGlobalSettings)
UnityEngine.Rendering.RenderPipelineGlobalSettingsUtils:TryEnsure<UnityEngine.Rendering.HighDefinition.HDRenderPipelineGlobalSettings, UnityEngine.Rendering.HighDefinition.HDRenderPipeline> (UnityEngine.Rendering.HighDefinition.HDRenderPipelineGlobalSettings&,string,bool,System.Exception&)
UnityEngine.Rendering.RenderPipelineGlobalSettingsUtils:TryEnsure<UnityEngine.Rendering.HighDefinition.HDRenderPipelineGlobalSettings, UnityEngine.Rendering.HighDefinition.HDRenderPipeline> (UnityEngine.Rendering.HighDefinition.HDRenderPipelineGlobalSettings&,string,bool)
UnityEngine.Rendering.HighDefinition.HDRenderPipelineGlobalSettings:Ensure (bool)
UnityEditor.Rendering.HighDefinition.HDRenderPipelineGlobalSettingsPostprocessor:OnPostprocessAllAssets (string[],string[],string[],string[],bool)
System.Reflection.RuntimeMethodInfo:Invoke (object,System.Reflection.BindingFlags,System.Reflection.Binder,object[],System.Globalization.CultureInfo)
System.Reflection.MethodBase:Invoke (object,object[])
UnityEditor.AssetPostprocessingInternal:InvokeMethod (System.Reflection.MethodInfo,object[])
UnityEditor.AssetPostprocessingInternal:PostprocessAllAssets (string[],string[],string[],string[],string[],bool)

Failed to find Assets/Runtime/RenderPipelineResources/ShaderGraph/PhysicallyBasedSky.shadergraph in ProjectPath.
UnityEngine.Debug:ExtractStackTraceNoAlloc (byte*,int,string)
UnityEngine.StackTraceUtility:ExtractStackTrace ()
UnityEngine.DebugLogHandler:Internal_Log (UnityEngine.LogType,UnityEngine.LogOption,string,UnityEngine.Object)
UnityEngine.DebugLogHandler:LogFormat (UnityEngine.LogType,UnityEngine.Object,string,object[])
UnityEngine.Logger:Log (UnityEngine.LogType,object)
UnityEngine.Debug:LogError (object)
UnityEditor.Rendering.RenderPipelineResourcesEditorUtils:TryReloadContainedNullFields (UnityEngine.Rendering.IRenderPipelineResources)
UnityEditor.Rendering.Settings.RenderPipelineGraphicsSettingsManager:UpdateRenderPipelineGlobalSettings (UnityEditor.Rendering.Settings.RenderPipelineGraphicsSettingsManager/RenderPipelineGraphicsSettingsInfo,UnityEngine.Rendering.RenderPipelineGlobalSettings,bool&,UnityEngine.Rendering.IRenderPipelineGraphicsSettings&)
UnityEditor.Rendering.Settings.RenderPipelineGraphicsSettingsManager:PopulateRenderPipelineGraphicsSettings (UnityEngine.Rendering.RenderPipelineGlobalSettings)
UnityEditor.Rendering.EditorGraphicsSettings:SetRenderPipelineGlobalSettingsAsset (System.Type,UnityEngine.Rendering.RenderPipelineGlobalSettings)
UnityEditor.Rendering.EditorGraphicsSettings:SetRenderPipelineGlobalSettingsAsset<UnityEngine.Rendering.HighDefinition.HDRenderPipeline> (UnityEngine.Rendering.RenderPipelineGlobalSettings)
UnityEngine.Rendering.RenderPipelineGlobalSettingsUtils:TryEnsure<UnityEngine.Rendering.HighDefinition.HDRenderPipelineGlobalSettings, UnityEngine.Rendering.HighDefinition.HDRenderPipeline> (UnityEngine.Rendering.HighDefinition.HDRenderPipelineGlobalSettings&,string,bool,System.Exception&)
UnityEngine.Rendering.RenderPipelineGlobalSettingsUtils:TryEnsure<UnityEngine.Rendering.HighDefinition.HDRenderPipelineGlobalSettings, UnityEngine.Rendering.HighDefinition.HDRenderPipeline> (UnityEngine.Rendering.HighDefinition.HDRenderPipelineGlobalSettings&,string,bool)
UnityEngine.Rendering.HighDefinition.HDRenderPipelineGlobalSettings:Ensure (bool)
UnityEditor.Rendering.HighDefinition.HDRenderPipelineGlobalSettingsPostprocessor:OnPostprocessAllAssets (string[],string[],string[],string[],bool)
System.Reflection.RuntimeMethodInfo:Invoke (object,System.Reflection.BindingFlags,System.Reflection.Binder,object[],System.Globalization.CultureInfo)
System.Reflection.MethodBase:Invoke (object,object[])
UnityEditor.AssetPostprocessingInternal:InvokeMethod (System.Reflection.MethodInfo,object[])
UnityEditor.AssetPostprocessingInternal:PostprocessAllAssets (string[],string[],string[],string[],string[],bool)

Failed to find Assets/Runtime/Tools/ColorChecker/ColorCheckerMaterial.mat in ProjectPath.
UnityEngine.Debug:ExtractStackTraceNoAlloc (byte*,int,string)
UnityEngine.StackTraceUtility:ExtractStackTrace ()
UnityEngine.DebugLogHandler:Internal_Log (UnityEngine.LogType,UnityEngine.LogOption,string,UnityEngine.Object)
UnityEngine.DebugLogHandler:LogFormat (UnityEngine.LogType,UnityEngine.Object,string,object[])
UnityEngine.Logger:Log (UnityEngine.LogType,object)
UnityEngine.Debug:LogError (object)
UnityEditor.Rendering.RenderPipelineResourcesEditorUtils:TryReloadContainedNullFields (UnityEngine.Rendering.IRenderPipelineResources)
UnityEditor.Rendering.Settings.RenderPipelineGraphicsSettingsManager:UpdateRenderPipelineGlobalSettings (UnityEditor.Rendering.Settings.RenderPipelineGraphicsSettingsManager/RenderPipelineGraphicsSettingsInfo,UnityEngine.Rendering.RenderPipelineGlobalSettings,bool&,UnityEngine.Rendering.IRenderPipelineGraphicsSettings&)
UnityEditor.Rendering.Settings.RenderPipelineGraphicsSettingsManager:PopulateRenderPipelineGraphicsSettings (UnityEngine.Rendering.RenderPipelineGlobalSettings)
UnityEditor.Rendering.EditorGraphicsSettings:SetRenderPipelineGlobalSettingsAsset (System.Type,UnityEngine.Rendering.RenderPipelineGlobalSettings)
UnityEditor.Rendering.EditorGraphicsSettings:SetRenderPipelineGlobalSettingsAsset<UnityEngine.Rendering.HighDefinition.HDRenderPipeline> (UnityEngine.Rendering.RenderPipelineGlobalSettings)
UnityEngine.Rendering.RenderPipelineGlobalSettingsUtils:TryEnsure<UnityEngine.Rendering.HighDefinition.HDRenderPipelineGlobalSettings, UnityEngine.Rendering.HighDefinition.HDRenderPipeline> (UnityEngine.Rendering.HighDefinition.HDRenderPipelineGlobalSettings&,string,bool,System.Exception&)
UnityEngine.Rendering.RenderPipelineGlobalSettingsUtils:TryEnsure<UnityEngine.Rendering.HighDefinition.HDRenderPipelineGlobalSettings, UnityEngine.Rendering.HighDefinition.HDRenderPipeline> (UnityEngine.Rendering.HighDefinition.HDRenderPipelineGlobalSettings&,string,bool)
UnityEngine.Rendering.HighDefinition.HDRenderPipelineGlobalSettings:Ensure (bool)
UnityEditor.Rendering.HighDefinition.HDRenderPipelineGlobalSettingsPostprocessor:OnPostprocessAllAssets (string[],string[],string[],string[],bool)
System.Reflection.RuntimeMethodInfo:Invoke (object,System.Reflection.BindingFlags,System.Reflection.Binder,object[],System.Globalization.CultureInfo)
System.Reflection.MethodBase:Invoke (object,object[])
UnityEditor.AssetPostprocessingInternal:InvokeMethod (System.Reflection.MethodInfo,object[])
UnityEditor.AssetPostprocessingInternal:PostprocessAllAssets (string[],string[],string[],string[],string[],bool)

Failed to find Assets/Runtime/RenderPipelineResources/Texture/DebugFont.tga in ProjectPath.
UnityEngine.Debug:ExtractStackTraceNoAlloc (byte*,int,string)
UnityEngine.StackTraceUtility:ExtractStackTrace ()
UnityEngine.DebugLogHandler:Internal_Log (UnityEngine.LogType,UnityEngine.LogOption,string,UnityEngine.Object)
UnityEngine.DebugLogHandler:LogFormat (UnityEngine.LogType,UnityEngine.Object,string,object[])
UnityEngine.Logger:Log (UnityEngine.LogType,object)
UnityEngine.Debug:LogError (object)
UnityEditor.Rendering.RenderPipelineResourcesEditorUtils:TryReloadContainedNullFields (UnityEngine.Rendering.IRenderPipelineResources)
UnityEditor.Rendering.Settings.RenderPipelineGraphicsSettingsManager:UpdateRenderPipelineGlobalSettings (UnityEditor.Rendering.Settings.RenderPipelineGraphicsSettingsManager/RenderPipelineGraphicsSettingsInfo,UnityEngine.Rendering.RenderPipelineGlobalSettings,bool&,UnityEngine.Rendering.IRenderPipelineGraphicsSettings&)
UnityEditor.Rendering.Settings.RenderPipelineGraphicsSettingsManager:PopulateRenderPipelineGraphicsSettings (UnityEngine.Rendering.RenderPipelineGlobalSettings)
UnityEditor.Rendering.EditorGraphicsSettings:SetRenderPipelineGlobalSettingsAsset (System.Type,UnityEngine.Rendering.RenderPipelineGlobalSettings)
UnityEditor.Rendering.EditorGraphicsSettings:SetRenderPipelineGlobalSettingsAsset<UnityEngine.Rendering.HighDefinition.HDRenderPipeline> (UnityEngine.Rendering.RenderPipelineGlobalSettings)
UnityEngine.Rendering.RenderPipelineGlobalSettingsUtils:TryEnsure<UnityEngine.Rendering.HighDefinition.HDRenderPipelineGlobalSettings, UnityEngine.Rendering.HighDefinition.HDRenderPipeline> (UnityEngine.Rendering.HighDefinition.HDRenderPipelineGlobalSettings&,string,bool,System.Exception&)
UnityEngine.Rendering.RenderPipelineGlobalSettingsUtils:TryEnsure<UnityEngine.Rendering.HighDefinition.HDRenderPipelineGlobalSettings, UnityEngine.Rendering.HighDefinition.HDRenderPipeline> (UnityEngine.Rendering.HighDefinition.HDRenderPipelineGlobalSettings&,string,bool)
UnityEngine.Rendering.HighDefinition.HDRenderPipelineGlobalSettings:Ensure (bool)
UnityEditor.Rendering.HighDefinition.HDRenderPipelineGlobalSettingsPostprocessor:OnPostprocessAllAssets (string[],string[],string[],string[],bool)
System.Reflection.RuntimeMethodInfo:Invoke (object,System.Reflection.BindingFlags,System.Reflection.Binder,object[],System.Globalization.CultureInfo)
System.Reflection.MethodBase:Invoke (object,object[])
UnityEditor.AssetPostprocessingInternal:InvokeMethod (System.Reflection.MethodInfo,object[])
UnityEditor.AssetPostprocessingInternal:PostprocessAllAssets (string[],string[],string[],string[],string[],bool)

Failed to find Assets/Runtime/RenderPipelineResources/Material/DefaultHDMaterial.mat in ProjectPath.
UnityEngine.Debug:ExtractStackTraceNoAlloc (byte*,int,string)
UnityEngine.StackTraceUtility:ExtractStackTrace ()
UnityEngine.DebugLogHandler:Internal_Log (UnityEngine.LogType,UnityEngine.LogOption,string,UnityEngine.Object)
UnityEngine.DebugLogHandler:LogFormat (UnityEngine.LogType,UnityEngine.Object,string,object[])
UnityEngine.Logger:Log (UnityEngine.LogType,object)
UnityEngine.Debug:LogError (object)
UnityEditor.Rendering.RenderPipelineResourcesEditorUtils:TryReloadContainedNullFields (UnityEngine.Rendering.IRenderPipelineResources)
UnityEditor.Rendering.Settings.RenderPipelineGraphicsSettingsManager:UpdateRenderPipelineGlobalSettings (UnityEditor.Rendering.Settings.RenderPipelineGraphicsSettingsManager/RenderPipelineGraphicsSettingsInfo,UnityEngine.Rendering.RenderPipelineGlobalSettings,bool&,UnityEngine.Rendering.IRenderPipelineGraphicsSettings&)
UnityEditor.Rendering.Settings.RenderPipelineGraphicsSettingsManager:PopulateRenderPipelineGraphicsSettings (UnityEngine.Rendering.RenderPipelineGlobalSettings)
UnityEditor.Rendering.EditorGraphicsSettings:SetRenderPipelineGlobalSettingsAsset (System.Type,UnityEngine.Rendering.RenderPipelineGlobalSettings)
UnityEditor.Rendering.EditorGraphicsSettings:SetRenderPipelineGlobalSettingsAsset<UnityEngine.Rendering.HighDefinition.HDRenderPipeline> (UnityEngine.Rendering.RenderPipelineGlobalSettings)
UnityEngine.Rendering.RenderPipelineGlobalSettingsUtils:TryEnsure<UnityEngine.Rendering.HighDefinition.HDRenderPipelineGlobalSettings, UnityEngine.Rendering.HighDefinition.HDRenderPipeline> (UnityEngine.Rendering.HighDefinition.HDRenderPipelineGlobalSettings&,string,bool,System.Exception&)
UnityEngine.Rendering.RenderPipelineGlobalSettingsUtils:TryEnsure<UnityEngine.Rendering.HighDefinition.HDRenderPipelineGlobalSettings, UnityEngine.Rendering.HighDefinition.HDRenderPipeline> (UnityEngine.Rendering.HighDefinition.HDRenderPipelineGlobalSettings&,string,bool)
UnityEngine.Rendering.HighDefinition.HDRenderPipelineGlobalSettings:Ensure (bool)
UnityEditor.Rendering.HighDefinition.HDRenderPipelineGlobalSettingsPostprocessor:OnPostprocessAllAssets (string[],string[],string[],string[],bool)
System.Reflection.RuntimeMethodInfo:Invoke (object,System.Reflection.BindingFlags,System.Reflection.Binder,object[],System.Globalization.CultureInfo)
System.Reflection.MethodBase:Invoke (object,object[])
UnityEditor.AssetPostprocessingInternal:InvokeMethod (System.Reflection.MethodInfo,object[])
UnityEditor.AssetPostprocessingInternal:PostprocessAllAssets (string[],string[],string[],string[],string[],bool)

Failed to find Assets/Editor/RenderPipelineResources/DefaultSettingsVolumeProfile.asset in ProjectPath.
UnityEngine.Debug:ExtractStackTraceNoAlloc (byte*,int,string)
UnityEngine.StackTraceUtility:ExtractStackTrace ()
UnityEngine.DebugLogHandler:Internal_Log (UnityEngine.LogType,UnityEngine.LogOption,string,UnityEngine.Object)
UnityEngine.DebugLogHandler:LogFormat (UnityEngine.LogType,UnityEngine.Object,string,object[])
UnityEngine.Logger:Log (UnityEngine.LogType,object)
UnityEngine.Debug:LogError (object)
UnityEditor.Rendering.RenderPipelineResourcesEditorUtils:TryReloadContainedNullFields (UnityEngine.Rendering.IRenderPipelineResources)
UnityEditor.Rendering.Settings.RenderPipelineGraphicsSettingsManager:UpdateRenderPipelineGlobalSettings (UnityEditor.Rendering.Settings.RenderPipelineGraphicsSettingsManager/RenderPipelineGraphicsSettingsInfo,UnityEngine.Rendering.RenderPipelineGlobalSettings,bool&,UnityEngine.Rendering.IRenderPipelineGraphicsSettings&)
UnityEditor.Rendering.Settings.RenderPipelineGraphicsSettingsManager:PopulateRenderPipelineGraphicsSettings (UnityEngine.Rendering.RenderPipelineGlobalSettings)
UnityEditor.Rendering.EditorGraphicsSettings:SetRenderPipelineGlobalSettingsAsset (System.Type,UnityEngine.Rendering.RenderPipelineGlobalSettings)
UnityEditor.Rendering.EditorGraphicsSettings:SetRenderPipelineGlobalSettingsAsset<UnityEngine.Rendering.HighDefinition.HDRenderPipeline> (UnityEngine.Rendering.RenderPipelineGlobalSettings)
UnityEngine.Rendering.RenderPipelineGlobalSettingsUtils:TryEnsure<UnityEngine.Rendering.HighDefinition.HDRenderPipelineGlobalSettings, UnityEngine.Rendering.HighDefinition.HDRenderPipeline> (UnityEngine.Rendering.HighDefinition.HDRenderPipelineGlobalSettings&,string,bool,System.Exception&)
UnityEngine.Rendering.RenderPipelineGlobalSettingsUtils:TryEnsure<UnityEngine.Rendering.HighDefinition.HDRenderPipelineGlobalSettings, UnityEngine.Rendering.HighDefinition.HDRenderPipeline> (UnityEngine.Rendering.HighDefinition.HDRenderPipelineGlobalSettings&,string,bool)
UnityEngine.Rendering.HighDefinition.HDRenderPipelineGlobalSettings:Ensure (bool)
UnityEditor.Rendering.HighDefinition.HDRenderPipelineGlobalSettingsPostprocessor:OnPostprocessAllAssets (string[],string[],string[],string[],bool)
System.Reflection.RuntimeMethodInfo:Invoke (object,System.Reflection.BindingFlags,System.Reflection.Binder,object[],System.Globalization.CultureInfo)
System.Reflection.MethodBase:Invoke (object,object[])
UnityEditor.AssetPostprocessingInternal:InvokeMethod (System.Reflection.MethodInfo,object[])
UnityEditor.AssetPostprocessingInternal:PostprocessAllAssets (string[],string[],string[],string[],string[],bool)

Failed to find Assets/Runtime/RenderPipelineResources/defaultDiffusionProfile.asset in ProjectPath.
UnityEngine.Debug:ExtractStackTraceNoAlloc (byte*,int,string)
UnityEngine.StackTraceUtility:ExtractStackTrace ()
UnityEngine.DebugLogHandler:Internal_Log (UnityEngine.LogType,UnityEngine.LogOption,string,UnityEngine.Object)
UnityEngine.DebugLogHandler:LogFormat (UnityEngine.LogType,UnityEngine.Object,string,object[])
UnityEngine.Logger:Log (UnityEngine.LogType,object)
UnityEngine.Debug:LogError (object)
UnityEditor.Rendering.RenderPipelineResourcesEditorUtils:TryReloadContainedNullFields (UnityEngine.Rendering.IRenderPipelineResources)
UnityEditor.Rendering.Settings.RenderPipelineGraphicsSettingsManager:UpdateRenderPipelineGlobalSettings (UnityEditor.Rendering.Settings.RenderPipelineGraphicsSettingsManager/RenderPipelineGraphicsSettingsInfo,UnityEngine.Rendering.RenderPipelineGlobalSettings,bool&,UnityEngine.Rendering.IRenderPipelineGraphicsSettings&)
UnityEditor.Rendering.Settings.RenderPipelineGraphicsSettingsManager:PopulateRenderPipelineGraphicsSettings (UnityEngine.Rendering.RenderPipelineGlobalSettings)
UnityEditor.Rendering.EditorGraphicsSettings:SetRenderPipelineGlobalSettingsAsset (System.Type,UnityEngine.Rendering.RenderPipelineGlobalSettings)
UnityEditor.Rendering.EditorGraphicsSettings:SetRenderPipelineGlobalSettingsAsset<UnityEngine.Rendering.HighDefinition.HDRenderPipeline> (UnityEngine.Rendering.RenderPipelineGlobalSettings)
UnityEngine.Rendering.RenderPipelineGlobalSettingsUtils:TryEnsure<UnityEngine.Rendering.HighDefinition.HDRenderPipelineGlobalSettings, UnityEngine.Rendering.HighDefinition.HDRenderPipeline> (UnityEngine.Rendering.HighDefinition.HDRenderPipelineGlobalSettings&,string,bool,System.Exception&)
UnityEngine.Rendering.RenderPipelineGlobalSettingsUtils:TryEnsure<UnityEngine.Rendering.HighDefinition.HDRenderPipelineGlobalSettings, UnityEngine.Rendering.HighDefinition.HDRenderPipeline> (UnityEngine.Rendering.HighDefinition.HDRenderPipelineGlobalSettings&,string,bool)
UnityEngine.Rendering.HighDefinition.HDRenderPipelineGlobalSettings:Ensure (bool)
UnityEditor.Rendering.HighDefinition.HDRenderPipelineGlobalSettingsPostprocessor:OnPostprocessAllAssets (string[],string[],string[],string[],bool)
System.Reflection.RuntimeMethodInfo:Invoke (object,System.Reflection.BindingFlags,System.Reflection.Binder,object[],System.Globalization.CultureInfo)
System.Reflection.MethodBase:Invoke (object,object[])
UnityEditor.AssetPostprocessingInternal:InvokeMethod (System.Reflection.MethodInfo,object[])
UnityEditor.AssetPostprocessingInternal:PostprocessAllAssets (string[],string[],string[],string[],string[],bool)

Failed to find Assets/Runtime/RenderPipelineResources/ShaderGraph/Water.shadergraph in ProjectPath.
UnityEngine.Debug:ExtractStackTraceNoAlloc (byte*,int,string)
UnityEngine.StackTraceUtility:ExtractStackTrace ()
UnityEngine.DebugLogHandler:Internal_Log (UnityEngine.LogType,UnityEngine.LogOption,string,UnityEngine.Object)
UnityEngine.DebugLogHandler:LogFormat (UnityEngine.LogType,UnityEngine.Object,string,object[])
UnityEngine.Logger:Log (UnityEngine.LogType,object)
UnityEngine.Debug:LogError (object)
UnityEditor.Rendering.RenderPipelineResourcesEditorUtils:TryReloadContainedNullFields (UnityEngine.Rendering.IRenderPipelineResources)
UnityEditor.Rendering.Settings.RenderPipelineGraphicsSettingsManager:UpdateRenderPipelineGlobalSettings (UnityEditor.Rendering.Settings.RenderPipelineGraphicsSettingsManager/RenderPipelineGraphicsSettingsInfo,UnityEngine.Rendering.RenderPipelineGlobalSettings,bool&,UnityEngine.Rendering.IRenderPipelineGraphicsSettings&)
UnityEditor.Rendering.Settings.RenderPipelineGraphicsSettingsManager:PopulateRenderPipelineGraphicsSettings (UnityEngine.Rendering.RenderPipelineGlobalSettings)
UnityEditor.Rendering.EditorGraphicsSettings:SetRenderPipelineGlobalSettingsAsset (System.Type,UnityEngine.Rendering.RenderPipelineGlobalSettings)
UnityEditor.Rendering.EditorGraphicsSettings:SetRenderPipelineGlobalSettingsAsset<UnityEngine.Rendering.HighDefinition.HDRenderPipeline> (UnityEngine.Rendering.RenderPipelineGlobalSettings)
UnityEngine.Rendering.RenderPipelineGlobalSettingsUtils:TryEnsure<UnityEngine.Rendering.HighDefinition.HDRenderPipelineGlobalSettings, UnityEngine.Rendering.HighDefinition.HDRenderPipeline> (UnityEngine.Rendering.HighDefinition.HDRenderPipelineGlobalSettings&,string,bool,System.Exception&)
UnityEngine.Rendering.RenderPipelineGlobalSettingsUtils:TryEnsure<UnityEngine.Rendering.HighDefinition.HDRenderPipelineGlobalSettings, UnityEngine.Rendering.HighDefinition.HDRenderPipeline> (UnityEngine.Rendering.HighDefinition.HDRenderPipelineGlobalSettings&,string,bool)
UnityEngine.Rendering.HighDefinition.HDRenderPipelineGlobalSettings:Ensure (bool)
UnityEditor.Rendering.HighDefinition.HDRenderPipelineGlobalSettingsPostprocessor:OnPostprocessAllAssets (string[],string[],string[],string[],bool)
System.Reflection.RuntimeMethodInfo:Invoke (object,System.Reflection.BindingFlags,System.Reflection.Binder,object[],System.Globalization.CultureInfo)
System.Reflection.MethodBase:Invoke (object,object[])
UnityEditor.AssetPostprocessingInternal:InvokeMethod (System.Reflection.MethodInfo,object[])
UnityEditor.AssetPostprocessingInternal:PostprocessAllAssets (string[],string[],string[],string[],string[],bool)

Failed to find Assets/Runtime/RenderPipelineResources/GPUDriven/InstanceDataBufferCopyKernels.compute in ProjectPath.
UnityEngine.Debug:ExtractStackTraceNoAlloc (byte*,int,string)
UnityEngine.StackTraceUtility:ExtractStackTrace ()
UnityEngine.DebugLogHandler:Internal_Log (UnityEngine.LogType,UnityEngine.LogOption,string,UnityEngine.Object)
UnityEngine.DebugLogHandler:LogFormat (UnityEngine.LogType,UnityEngine.Object,string,object[])
UnityEngine.Logger:Log (UnityEngine.LogType,object)
UnityEngine.Debug:LogError (object)
UnityEditor.Rendering.RenderPipelineResourcesEditorUtils:TryReloadContainedNullFields (UnityEngine.Rendering.IRenderPipelineResources)
UnityEditor.Rendering.Settings.RenderPipelineGraphicsSettingsManager:UpdateRenderPipelineGlobalSettings (UnityEditor.Rendering.Settings.RenderPipelineGraphicsSettingsManager/RenderPipelineGraphicsSettingsInfo,UnityEngine.Rendering.RenderPipelineGlobalSettings,bool&,UnityEngine.Rendering.IRenderPipelineGraphicsSettings&)
UnityEditor.Rendering.Settings.RenderPipelineGraphicsSettingsManager:PopulateRenderPipelineGraphicsSettings (UnityEngine.Rendering.RenderPipelineGlobalSettings)
UnityEditor.Rendering.EditorGraphicsSettings:SetRenderPipelineGlobalSettingsAsset (System.Type,UnityEngine.Rendering.RenderPipelineGlobalSettings)
UnityEditor.Rendering.EditorGraphicsSettings:SetRenderPipelineGlobalSettingsAsset<UnityEngine.Rendering.HighDefinition.HDRenderPipeline> (UnityEngine.Rendering.RenderPipelineGlobalSettings)
UnityEngine.Rendering.RenderPipelineGlobalSettingsUtils:TryEnsure<UnityEngine.Rendering.HighDefinition.HDRenderPipelineGlobalSettings, UnityEngine.Rendering.HighDefinition.HDRenderPipeline> (UnityEngine.Rendering.HighDefinition.HDRenderPipelineGlobalSettings&,string,bool,System.Exception&)
UnityEngine.Rendering.RenderPipelineGlobalSettingsUtils:TryEnsure<UnityEngine.Rendering.HighDefinition.HDRenderPipelineGlobalSettings, UnityEngine.Rendering.HighDefinition.HDRenderPipeline> (UnityEngine.Rendering.HighDefinition.HDRenderPipelineGlobalSettings&,string,bool)
UnityEngine.Rendering.HighDefinition.HDRenderPipelineGlobalSettings:Ensure (bool)
UnityEditor.Rendering.HighDefinition.HDRenderPipelineGlobalSettingsPostprocessor:OnPostprocessAllAssets (string[],string[],string[],string[],bool)
System.Reflection.RuntimeMethodInfo:Invoke (object,System.Reflection.BindingFlags,System.Reflection.Binder,object[],System.Globalization.CultureInfo)
System.Reflection.MethodBase:Invoke (object,object[])
UnityEditor.AssetPostprocessingInternal:InvokeMethod (System.Reflection.MethodInfo,object[])
UnityEditor.AssetPostprocessingInternal:PostprocessAllAssets (string[],string[],string[],string[],string[],bool)

Failed to find Assets/Runtime/Vrs/Shaders/VrsTexture.compute in ProjectPath.
UnityEngine.Debug:ExtractStackTraceNoAlloc (byte*,int,string)
UnityEngine.StackTraceUtility:ExtractStackTrace ()
UnityEngine.DebugLogHandler:Internal_Log (UnityEngine.LogType,UnityEngine.LogOption,string,UnityEngine.Object)
UnityEngine.DebugLogHandler:LogFormat (UnityEngine.LogType,UnityEngine.Object,string,object[])
UnityEngine.Logger:Log (UnityEngine.LogType,object)
UnityEngine.Debug:LogError (object)
UnityEditor.Rendering.RenderPipelineResourcesEditorUtils:TryReloadContainedNullFields (UnityEngine.Rendering.IRenderPipelineResources)
UnityEditor.Rendering.Settings.RenderPipelineGraphicsSettingsManager:UpdateRenderPipelineGlobalSettings (UnityEditor.Rendering.Settings.RenderPipelineGraphicsSettingsManager/RenderPipelineGraphicsSettingsInfo,UnityEngine.Rendering.RenderPipelineGlobalSettings,bool&,UnityEngine.Rendering.IRenderPipelineGraphicsSettings&)
UnityEditor.Rendering.Settings.RenderPipelineGraphicsSettingsManager:PopulateRenderPipelineGraphicsSettings (UnityEngine.Rendering.RenderPipelineGlobalSettings)
UnityEditor.Rendering.EditorGraphicsSettings:SetRenderPipelineGlobalSettingsAsset (System.Type,UnityEngine.Rendering.RenderPipelineGlobalSettings)
UnityEditor.Rendering.EditorGraphicsSettings:SetRenderPipelineGlobalSettingsAsset<UnityEngine.Rendering.HighDefinition.HDRenderPipeline> (UnityEngine.Rendering.RenderPipelineGlobalSettings)
UnityEngine.Rendering.RenderPipelineGlobalSettingsUtils:TryEnsure<UnityEngine.Rendering.HighDefinition.HDRenderPipelineGlobalSettings, UnityEngine.Rendering.HighDefinition.HDRenderPipeline> (UnityEngine.Rendering.HighDefinition.HDRenderPipelineGlobalSettings&,string,bool,System.Exception&)
UnityEngine.Rendering.RenderPipelineGlobalSettingsUtils:TryEnsure<UnityEngine.Rendering.HighDefinition.HDRenderPipelineGlobalSettings, UnityEngine.Rendering.HighDefinition.HDRenderPipeline> (UnityEngine.Rendering.HighDefinition.HDRenderPipelineGlobalSettings&,string,bool)
UnityEngine.Rendering.HighDefinition.HDRenderPipelineGlobalSettings:Ensure (bool)
UnityEditor.Rendering.HighDefinition.HDRenderPipelineGlobalSettingsPostprocessor:OnPostprocessAllAssets (string[],string[],string[],string[],bool)
System.Reflection.RuntimeMethodInfo:Invoke (object,System.Reflection.BindingFlags,System.Reflection.Binder,object[],System.Globalization.CultureInfo)
System.Reflection.MethodBase:Invoke (object,object[])
UnityEditor.AssetPostprocessingInternal:InvokeMethod (System.Reflection.MethodInfo,object[])
UnityEditor.AssetPostprocessingInternal:PostprocessAllAssets (string[],string[],string[],string[],string[],bool)

Failed to find Assets/Editor/Lighting/ProbeVolume/ProbeVolumeCellDilation.compute in ProjectPath.
UnityEngine.Debug:ExtractStackTraceNoAlloc (byte*,int,string)
UnityEngine.StackTraceUtility:ExtractStackTrace ()
UnityEngine.DebugLogHandler:Internal_Log (UnityEngine.LogType,UnityEngine.LogOption,string,UnityEngine.Object)
UnityEngine.DebugLogHandler:LogFormat (UnityEngine.LogType,UnityEngine.Object,string,object[])
UnityEngine.Logger:Log (UnityEngine.LogType,object)
UnityEngine.Debug:LogError (object)
UnityEditor.Rendering.RenderPipelineResourcesEditorUtils:TryReloadContainedNullFields (UnityEngine.Rendering.IRenderPipelineResources)
UnityEditor.Rendering.Settings.RenderPipelineGraphicsSettingsManager:UpdateRenderPipelineGlobalSettings (UnityEditor.Rendering.Settings.RenderPipelineGraphicsSettingsManager/RenderPipelineGraphicsSettingsInfo,UnityEngine.Rendering.RenderPipelineGlobalSettings,bool&,UnityEngine.Rendering.IRenderPipelineGraphicsSettings&)
UnityEditor.Rendering.Settings.RenderPipelineGraphicsSettingsManager:PopulateRenderPipelineGraphicsSettings (UnityEngine.Rendering.RenderPipelineGlobalSettings)
UnityEditor.Rendering.EditorGraphicsSettings:SetRenderPipelineGlobalSettingsAsset (System.Type,UnityEngine.Rendering.RenderPipelineGlobalSettings)
UnityEditor.Rendering.EditorGraphicsSettings:SetRenderPipelineGlobalSettingsAsset<UnityEngine.Rendering.HighDefinition.HDRenderPipeline> (UnityEngine.Rendering.RenderPipelineGlobalSettings)
UnityEngine.Rendering.RenderPipelineGlobalSettingsUtils:TryEnsure<UnityEngine.Rendering.HighDefinition.HDRenderPipelineGlobalSettings, UnityEngine.Rendering.HighDefinition.HDRenderPipeline> (UnityEngine.Rendering.HighDefinition.HDRenderPipelineGlobalSettings&,string,bool,System.Exception&)
UnityEngine.Rendering.RenderPipelineGlobalSettingsUtils:TryEnsure<UnityEngine.Rendering.HighDefinition.HDRenderPipelineGlobalSettings, UnityEngine.Rendering.HighDefinition.HDRenderPipeline> (UnityEngine.Rendering.HighDefinition.HDRenderPipelineGlobalSettings&,string,bool)
UnityEngine.Rendering.HighDefinition.HDRenderPipelineGlobalSettings:Ensure (bool)
UnityEditor.Rendering.HighDefinition.HDRenderPipelineGlobalSettingsPostprocessor:OnPostprocessAllAssets (string[],string[],string[],string[],bool)
System.Reflection.RuntimeMethodInfo:Invoke (object,System.Reflection.BindingFlags,System.Reflection.Binder,object[],System.Globalization.CultureInfo)
System.Reflection.MethodBase:Invoke (object,object[])
UnityEditor.AssetPostprocessingInternal:InvokeMethod (System.Reflection.MethodInfo,object[])
UnityEditor.AssetPostprocessingInternal:PostprocessAllAssets (string[],string[],string[],string[],string[],bool)

Failed to find Assets/Runtime/Debug/ProbeVolumeDebug.shader in ProjectPath.
UnityEngine.Debug:ExtractStackTraceNoAlloc (byte*,int,string)
UnityEngine.StackTraceUtility:ExtractStackTrace ()
UnityEngine.DebugLogHandler:Internal_Log (UnityEngine.LogType,UnityEngine.LogOption,string,UnityEngine.Object)
UnityEngine.DebugLogHandler:LogFormat (UnityEngine.LogType,UnityEngine.Object,string,object[])
UnityEngine.Logger:Log (UnityEngine.LogType,object)
UnityEngine.Debug:LogError (object)
UnityEditor.Rendering.RenderPipelineResourcesEditorUtils:TryReloadContainedNullFields (UnityEngine.Rendering.IRenderPipelineResources)
UnityEditor.Rendering.Settings.RenderPipelineGraphicsSettingsManager:UpdateRenderPipelineGlobalSettings (UnityEditor.Rendering.Settings.RenderPipelineGraphicsSettingsManager/RenderPipelineGraphicsSettingsInfo,UnityEngine.Rendering.RenderPipelineGlobalSettings,bool&,UnityEngine.Rendering.IRenderPipelineGraphicsSettings&)
UnityEditor.Rendering.Settings.RenderPipelineGraphicsSettingsManager:PopulateRenderPipelineGraphicsSettings (UnityEngine.Rendering.RenderPipelineGlobalSettings)
UnityEditor.Rendering.EditorGraphicsSettings:SetRenderPipelineGlobalSettingsAsset (System.Type,UnityEngine.Rendering.RenderPipelineGlobalSettings)
UnityEditor.Rendering.EditorGraphicsSettings:SetRenderPipelineGlobalSettingsAsset<UnityEngine.Rendering.HighDefinition.HDRenderPipeline> (UnityEngine.Rendering.RenderPipelineGlobalSettings)
UnityEngine.Rendering.RenderPipelineGlobalSettingsUtils:TryEnsure<UnityEngine.Rendering.HighDefinition.HDRenderPipelineGlobalSettings, UnityEngine.Rendering.HighDefinition.HDRenderPipeline> (UnityEngine.Rendering.HighDefinition.HDRenderPipelineGlobalSettings&,string,bool,System.Exception&)
UnityEngine.Rendering.RenderPipelineGlobalSettingsUtils:TryEnsure<UnityEngine.Rendering.HighDefinition.HDRenderPipelineGlobalSettings, UnityEngine.Rendering.HighDefinition.HDRenderPipeline> (UnityEngine.Rendering.HighDefinition.HDRenderPipelineGlobalSettings&,string,bool)
UnityEngine.Rendering.HighDefinition.HDRenderPipelineGlobalSettings:Ensure (bool)
UnityEditor.Rendering.HighDefinition.HDRenderPipelineGlobalSettingsPostprocessor:OnPostprocessAllAssets (string[],string[],string[],string[],bool)
System.Reflection.RuntimeMethodInfo:Invoke (object,System.Reflection.BindingFlags,System.Reflection.Binder,object[],System.Globalization.CultureInfo)
System.Reflection.MethodBase:Invoke (object,object[])
UnityEditor.AssetPostprocessingInternal:InvokeMethod (System.Reflection.MethodInfo,object[])
UnityEditor.AssetPostprocessingInternal:PostprocessAllAssets (string[],string[],string[],string[],string[],bool)

Failed to find Assets/Runtime/Lighting/ProbeVolume/ProbeVolumeBlendStates.compute in ProjectPath.
UnityEngine.Debug:ExtractStackTraceNoAlloc (byte*,int,string)
UnityEngine.StackTraceUtility:ExtractStackTrace ()
UnityEngine.DebugLogHandler:Internal_Log (UnityEngine.LogType,UnityEngine.LogOption,string,UnityEngine.Object)
UnityEngine.DebugLogHandler:LogFormat (UnityEngine.LogType,UnityEngine.Object,string,object[])
UnityEngine.Logger:Log (UnityEngine.LogType,object)
UnityEngine.Debug:LogError (object)
UnityEditor.Rendering.RenderPipelineResourcesEditorUtils:TryReloadContainedNullFields (UnityEngine.Rendering.IRenderPipelineResources)
UnityEditor.Rendering.Settings.RenderPipelineGraphicsSettingsManager:UpdateRenderPipelineGlobalSettings (UnityEditor.Rendering.Settings.RenderPipelineGraphicsSettingsManager/RenderPipelineGraphicsSettingsInfo,UnityEngine.Rendering.RenderPipelineGlobalSettings,bool&,UnityEngine.Rendering.IRenderPipelineGraphicsSettings&)
UnityEditor.Rendering.Settings.RenderPipelineGraphicsSettingsManager:PopulateRenderPipelineGraphicsSettings (UnityEngine.Rendering.RenderPipelineGlobalSettings)
UnityEditor.Rendering.EditorGraphicsSettings:SetRenderPipelineGlobalSettingsAsset (System.Type,UnityEngine.Rendering.RenderPipelineGlobalSettings)
UnityEditor.Rendering.EditorGraphicsSettings:SetRenderPipelineGlobalSettingsAsset<UnityEngine.Rendering.HighDefinition.HDRenderPipeline> (UnityEngine.Rendering.RenderPipelineGlobalSettings)
UnityEngine.Rendering.RenderPipelineGlobalSettingsUtils:TryEnsure<UnityEngine.Rendering.HighDefinition.HDRenderPipelineGlobalSettings, UnityEngine.Rendering.HighDefinition.HDRenderPipeline> (UnityEngine.Rendering.HighDefinition.HDRenderPipelineGlobalSettings&,string,bool,System.Exception&)
UnityEngine.Rendering.RenderPipelineGlobalSettingsUtils:TryEnsure<UnityEngine.Rendering.HighDefinition.HDRenderPipelineGlobalSettings, UnityEngine.Rendering.HighDefinition.HDRenderPipeline> (UnityEngine.Rendering.HighDefinition.HDRenderPipelineGlobalSettings&,string,bool)
UnityEngine.Rendering.HighDefinition.HDRenderPipelineGlobalSettings:Ensure (bool)
UnityEditor.Rendering.HighDefinition.HDRenderPipelineGlobalSettingsPostprocessor:OnPostprocessAllAssets (string[],string[],string[],string[],bool)
System.Reflection.RuntimeMethodInfo:Invoke (object,System.Reflection.BindingFlags,System.Reflection.Binder,object[],System.Globalization.CultureInfo)
System.Reflection.MethodBase:Invoke (object,object[])
UnityEditor.AssetPostprocessingInternal:InvokeMethod (System.Reflection.MethodInfo,object[])
UnityEditor.AssetPostprocessingInternal:PostprocessAllAssets (string[],string[],string[],string[],string[],bool)

Failed to find Assets/Shaders/CoreCopy.shader in ProjectPath.
UnityEngine.Debug:ExtractStackTraceNoAlloc (byte*,int,string)
UnityEngine.StackTraceUtility:ExtractStackTrace ()
UnityEngine.DebugLogHandler:Internal_Log (UnityEngine.LogType,UnityEngine.LogOption,string,UnityEngine.Object)
UnityEngine.DebugLogHandler:LogFormat (UnityEngine.LogType,UnityEngine.Object,string,object[])
UnityEngine.Logger:Log (UnityEngine.LogType,object)
UnityEngine.Debug:LogError (object)
UnityEditor.Rendering.RenderPipelineResourcesEditorUtils:TryReloadContainedNullFields (UnityEngine.Rendering.IRenderPipelineResources)
UnityEditor.Rendering.Settings.RenderPipelineGraphicsSettingsManager:UpdateRenderPipelineGlobalSettings (UnityEditor.Rendering.Settings.RenderPipelineGraphicsSettingsManager/RenderPipelineGraphicsSettingsInfo,UnityEngine.Rendering.RenderPipelineGlobalSettings,bool&,UnityEngine.Rendering.IRenderPipelineGraphicsSettings&)
UnityEditor.Rendering.Settings.RenderPipelineGraphicsSettingsManager:PopulateRenderPipelineGraphicsSettings (UnityEngine.Rendering.RenderPipelineGlobalSettings)
UnityEditor.Rendering.EditorGraphicsSettings:SetRenderPipelineGlobalSettingsAsset (System.Type,UnityEngine.Rendering.RenderPipelineGlobalSettings)
UnityEditor.Rendering.EditorGraphicsSettings:SetRenderPipelineGlobalSettingsAsset<UnityEngine.Rendering.HighDefinition.HDRenderPipeline> (UnityEngine.Rendering.RenderPipelineGlobalSettings)
UnityEngine.Rendering.RenderPipelineGlobalSettingsUtils:TryEnsure<UnityEngine.Rendering.HighDefinition.HDRenderPipelineGlobalSettings, UnityEngine.Rendering.HighDefinition.HDRenderPipeline> (UnityEngine.Rendering.HighDefinition.HDRenderPipelineGlobalSettings&,string,bool,System.Exception&)
UnityEngine.Rendering.RenderPipelineGlobalSettingsUtils:TryEnsure<UnityEngine.Rendering.HighDefinition.HDRenderPipelineGlobalSettings, UnityEngine.Rendering.HighDefinition.HDRenderPipeline> (UnityEngine.Rendering.HighDefinition.HDRenderPipelineGlobalSettings&,string,bool)
UnityEngine.Rendering.HighDefinition.HDRenderPipelineGlobalSettings:Ensure (bool)
UnityEditor.Rendering.HighDefinition.HDRenderPipelineGlobalSettingsPostprocessor:OnPostprocessAllAssets (string[],string[],string[],string[],bool)
System.Reflection.RuntimeMethodInfo:Invoke (object,System.Reflection.BindingFlags,System.Reflection.Binder,object[],System.Globalization.CultureInfo)
System.Reflection.MethodBase:Invoke (object,object[])
UnityEditor.AssetPostprocessingInternal:InvokeMethod (System.Reflection.MethodInfo,object[])
UnityEditor.AssetPostprocessingInternal:PostprocessAllAssets (string[],string[],string[],string[],string[],bool)

Failed to find Assets/Runtime/STP/StpSetup.compute in ProjectPath.
UnityEngine.Debug:ExtractStackTraceNoAlloc (byte*,int,string)
UnityEngine.StackTraceUtility:ExtractStackTrace ()
UnityEngine.DebugLogHandler:Internal_Log (UnityEngine.LogType,UnityEngine.LogOption,string,UnityEngine.Object)
UnityEngine.DebugLogHandler:LogFormat (UnityEngine.LogType,UnityEngine.Object,string,object[])
UnityEngine.Logger:Log (UnityEngine.LogType,object)
UnityEngine.Debug:LogError (object)
UnityEditor.Rendering.RenderPipelineResourcesEditorUtils:TryReloadContainedNullFields (UnityEngine.Rendering.IRenderPipelineResources)
UnityEditor.Rendering.Settings.RenderPipelineGraphicsSettingsManager:UpdateRenderPipelineGlobalSettings (UnityEditor.Rendering.Settings.RenderPipelineGraphicsSettingsManager/RenderPipelineGraphicsSettingsInfo,UnityEngine.Rendering.RenderPipelineGlobalSettings,bool&,UnityEngine.Rendering.IRenderPipelineGraphicsSettings&)
UnityEditor.Rendering.Settings.RenderPipelineGraphicsSettingsManager:PopulateRenderPipelineGraphicsSettings (UnityEngine.Rendering.RenderPipelineGlobalSettings)
UnityEditor.Rendering.EditorGraphicsSettings:SetRenderPipelineGlobalSettingsAsset (System.Type,UnityEngine.Rendering.RenderPipelineGlobalSettings)
UnityEditor.Rendering.EditorGraphicsSettings:SetRenderPipelineGlobalSettingsAsset<UnityEngine.Rendering.HighDefinition.HDRenderPipeline> (UnityEngine.Rendering.RenderPipelineGlobalSettings)
UnityEngine.Rendering.RenderPipelineGlobalSettingsUtils:TryEnsure<UnityEngine.Rendering.HighDefinition.HDRenderPipelineGlobalSettings, UnityEngine.Rendering.HighDefinition.HDRenderPipeline> (UnityEngine.Rendering.HighDefinition.HDRenderPipelineGlobalSettings&,string,bool,System.Exception&)
UnityEngine.Rendering.RenderPipelineGlobalSettingsUtils:TryEnsure<UnityEngine.Rendering.HighDefinition.HDRenderPipelineGlobalSettings, UnityEngine.Rendering.HighDefinition.HDRenderPipeline> (UnityEngine.Rendering.HighDefinition.HDRenderPipelineGlobalSettings&,string,bool)
UnityEngine.Rendering.HighDefinition.HDRenderPipelineGlobalSettings:Ensure (bool)
UnityEditor.Rendering.HighDefinition.HDRenderPipelineGlobalSettingsPostprocessor:OnPostprocessAllAssets (string[],string[],string[],string[],bool)
System.Reflection.RuntimeMethodInfo:Invoke (object,System.Reflection.BindingFlags,System.Reflection.Binder,object[],System.Globalization.CultureInfo)
System.Reflection.MethodBase:Invoke (object,object[])
UnityEditor.AssetPostprocessingInternal:InvokeMethod (System.Reflection.MethodInfo,object[])
UnityEditor.AssetPostprocessingInternal:PostprocessAllAssets (string[],string[],string[],string[],string[],bool)

Failed to find Assets/Runtime/UnifiedRayTracing/Common/GeometryPool/GeometryPoolKernels.compute in ProjectPath.
UnityEngine.Debug:ExtractStackTraceNoAlloc (byte*,int,string)
UnityEngine.StackTraceUtility:ExtractStackTrace ()
UnityEngine.DebugLogHandler:Internal_Log (UnityEngine.LogType,UnityEngine.LogOption,string,UnityEngine.Object)
UnityEngine.DebugLogHandler:LogFormat (UnityEngine.LogType,UnityEngine.Object,string,object[])
UnityEngine.Logger:Log (UnityEngine.LogType,object)
UnityEngine.Debug:LogError (object)
UnityEditor.Rendering.RenderPipelineResourcesEditorUtils:TryReloadContainedNullFields (UnityEngine.Rendering.IRenderPipelineResources)
UnityEditor.Rendering.Settings.RenderPipelineGraphicsSettingsManager:UpdateRenderPipelineGlobalSettings (UnityEditor.Rendering.Settings.RenderPipelineGraphicsSettingsManager/RenderPipelineGraphicsSettingsInfo,UnityEngine.Rendering.RenderPipelineGlobalSettings,bool&,UnityEngine.Rendering.IRenderPipelineGraphicsSettings&)
UnityEditor.Rendering.Settings.RenderPipelineGraphicsSettingsManager:PopulateRenderPipelineGraphicsSettings (UnityEngine.Rendering.RenderPipelineGlobalSettings)
UnityEditor.Rendering.EditorGraphicsSettings:SetRenderPipelineGlobalSettingsAsset (System.Type,UnityEngine.Rendering.RenderPipelineGlobalSettings)
UnityEditor.Rendering.EditorGraphicsSettings:SetRenderPipelineGlobalSettingsAsset<UnityEngine.Rendering.HighDefinition.HDRenderPipeline> (UnityEngine.Rendering.RenderPipelineGlobalSettings)
UnityEngine.Rendering.RenderPipelineGlobalSettingsUtils:TryEnsure<UnityEngine.Rendering.HighDefinition.HDRenderPipelineGlobalSettings, UnityEngine.Rendering.HighDefinition.HDRenderPipeline> (UnityEngine.Rendering.HighDefinition.HDRenderPipelineGlobalSettings&,string,bool,System.Exception&)
UnityEngine.Rendering.RenderPipelineGlobalSettingsUtils:TryEnsure<UnityEngine.Rendering.HighDefinition.HDRenderPipelineGlobalSettings, UnityEngine.Rendering.HighDefinition.HDRenderPipeline> (UnityEngine.Rendering.HighDefinition.HDRenderPipelineGlobalSettings&,string,bool)
UnityEngine.Rendering.HighDefinition.HDRenderPipelineGlobalSettings:Ensure (bool)
UnityEditor.Rendering.HighDefinition.HDRenderPipelineGlobalSettingsPostprocessor:OnPostprocessAllAssets (string[],string[],string[],string[],bool)
System.Reflection.RuntimeMethodInfo:Invoke (object,System.Reflection.BindingFlags,System.Reflection.Binder,object[],System.Globalization.CultureInfo)
System.Reflection.MethodBase:Invoke (object,object[])
UnityEditor.AssetPostprocessingInternal:InvokeMethod (System.Reflection.MethodInfo,object[])
UnityEditor.AssetPostprocessingInternal:PostprocessAllAssets (string[],string[],string[],string[],string[],bool)

Failed to find Assets/Runtime/PathTracing/Shaders/BlitCubemap.compute in ProjectPath.
UnityEngine.Debug:ExtractStackTraceNoAlloc (byte*,int,string)
UnityEngine.StackTraceUtility:ExtractStackTrace ()
UnityEngine.DebugLogHandler:Internal_Log (UnityEngine.LogType,UnityEngine.LogOption,string,UnityEngine.Object)
UnityEngine.DebugLogHandler:LogFormat (UnityEngine.LogType,UnityEngine.Object,string,object[])
UnityEngine.Logger:Log (UnityEngine.LogType,object)
UnityEngine.Debug:LogError (object)
UnityEditor.Rendering.RenderPipelineResourcesEditorUtils:TryReloadContainedNullFields (UnityEngine.Rendering.IRenderPipelineResources)
UnityEditor.Rendering.Settings.RenderPipelineGraphicsSettingsManager:UpdateRenderPipelineGlobalSettings (UnityEditor.Rendering.Settings.RenderPipelineGraphicsSettingsManager/RenderPipelineGraphicsSettingsInfo,UnityEngine.Rendering.RenderPipelineGlobalSettings,bool&,UnityEngine.Rendering.IRenderPipelineGraphicsSettings&)
UnityEditor.Rendering.Settings.RenderPipelineGraphicsSettingsManager:PopulateRenderPipelineGraphicsSettings (UnityEngine.Rendering.RenderPipelineGlobalSettings)
UnityEditor.Rendering.EditorGraphicsSettings:SetRenderPipelineGlobalSettingsAsset (System.Type,UnityEngine.Rendering.RenderPipelineGlobalSettings)
UnityEditor.Rendering.EditorGraphicsSettings:SetRenderPipelineGlobalSettingsAsset<UnityEngine.Rendering.HighDefinition.HDRenderPipeline> (UnityEngine.Rendering.RenderPipelineGlobalSettings)
UnityEngine.Rendering.RenderPipelineGlobalSettingsUtils:TryEnsure<UnityEngine.Rendering.HighDefinition.HDRenderPipelineGlobalSettings, UnityEngine.Rendering.HighDefinition.HDRenderPipeline> (UnityEngine.Rendering.HighDefinition.HDRenderPipelineGlobalSettings&,string,bool,System.Exception&)
UnityEngine.Rendering.RenderPipelineGlobalSettingsUtils:TryEnsure<UnityEngine.Rendering.HighDefinition.HDRenderPipelineGlobalSettings, UnityEngine.Rendering.HighDefinition.HDRenderPipeline> (UnityEngine.Rendering.HighDefinition.HDRenderPipelineGlobalSettings&,string,bool)
UnityEngine.Rendering.HighDefinition.HDRenderPipelineGlobalSettings:Ensure (bool)
UnityEditor.Rendering.HighDefinition.HDRenderPipelineGlobalSettingsPostprocessor:OnPostprocessAllAssets (string[],string[],string[],string[],bool)
System.Reflection.RuntimeMethodInfo:Invoke (object,System.Reflection.BindingFlags,System.Reflection.Binder,object[],System.Globalization.CultureInfo)
System.Reflection.MethodBase:Invoke (object,object[])
UnityEditor.AssetPostprocessingInternal:InvokeMethod (System.Reflection.MethodInfo,object[])
UnityEditor.AssetPostprocessingInternal:PostprocessAllAssets (string[],string[],string[],string[],string[],bool)

(Values over 0.050ms)
Asset Pipeline Refresh (id=99db59b00fcb8dc47a14b6ff27d271d9): Total: 5.516 seconds - Initiated by InitialRefreshV2(ForceSynchronousImport)
	Summary:
		Imports: total=0 (actual=0, local cache=0, cache server=0)
		Asset DB Process Time: managed=0 ms, native=1167 ms
		Asset DB Callback time: managed=54 ms, native=5 ms
		Scripting: domain reloads=1, domain reload time=837 ms, compile time=3446 ms, other=4 ms
		Project Asset Count: scripts=24, non-scripts=4
		Asset File Changes: new=0, changed=2, moved=0, deleted=0
		Scan Filter Count: 0
	InvokePackagesCallback: 1.715ms
	ApplyChangesToAssetFolders: 0.066ms
	Scan: 311.163ms
	OnSourceAssetsModified: 0.719ms
	CategorizeScriptCompilationAssets: 18.320ms
	ProcessAssetsWithTransientArtifactChanges: 48.436ms
	CategorizeAssets: 0.160ms
	CompileScripts: 3446.115ms
	ImportOutOfDateAssets: 738.968ms (737.755ms without children)
		UnloadImportedAssets: 1.105ms
		OnDemandSchedulerStart: 0.100ms
	PostProcessAllAssets: 57.499ms
		VCAutoAddAssetPostprocess 0.609ms
		AssemblyValidation.PostprocessAllAssets 0.292ms
		MonoPostProcessAllAssets: 53.480ms
			HDRenderPipelineGlobalSettingsPostprocessor.OnPostprocessAllAssets 15.809ms
			BuilderAssetPostprocessor.OnPostprocessAllAssets 6.587ms
			StyleCatalogPostProcessor.OnPostprocessAllAssets 6.078ms
			AssetPostprocessor.OnPostprocessAllAssets 3.143ms
			WindowAssetPostprocessingWatcher.OnPostprocessAllAssets 1.400ms
			SpeedTree9Postprocessor.OnPostprocessAllAssets 1.373ms
			SyncVS.PostprocessSyncProject 1.312ms
			MaterialPostprocessor.OnPostprocessAllAssets 1.224ms
			AssetChangedListener.OnPostprocessAllAssets 1.099ms
			ShaderGraphAssetPostProcessor.OnPostprocessAllAssets 0.956ms
			RetainedModeAssetPostprocessor.OnPostprocessAllAssets 0.737ms
			LocalizationAssetPostProcessor.OnPostprocessAllAssets 0.728ms
			VFXGraphPreprocessor.OnPostprocessAllAssets 0.648ms
			AddressablesAssetPostProcessor.OnPostprocessAllAssets 0.629ms
			MGLitTrailMaterialArrayPostprocessor.OnPostprocessAllAssets 0.471ms
			ArtifactBrowserPostProcessor.OnPostprocessAllAssets 0.424ms
			UVCSAssetPostprocessor.OnPostprocessAllAssets 0.299ms
			MGTrailLayerTexturePostprocessor.OnPostprocessAllAssets 0.277ms
			ManifestJsonPostprocessor.OnPostprocessAllAssets 0.242ms
			TextAssetPostProcessor.OnPostprocessAllAssets 0.234ms
			DomainReloadProcessor.OnPostprocessAllAssets 0.232ms
			ReferencedClipsPostProcessor.OnPostprocessAllAssets 0.231ms
			InputActionAssetPostprocessor.OnPostprocessAllAssets 0.223ms
			TerrainToolsPostprocessor.OnPostprocessAllAssets 0.201ms
			AssetPathToTypes.OnPostprocessAllAssets 0.191ms
			TMPro_TexturePostProcessor.OnPostprocessAllAssets 0.181ms
			GdkAssemblyAssetProcessor.OnPostprocessAllAssets 0.179ms
			AudioMixerPostprocessor.OnPostprocessAllAssets 0.168ms
			InputActionJsonNameModifierAssetProcessor.OnPostprocessAllAssets 0.162ms
			CinemachineSettings.OnPostprocessAllAssets 0.160ms
			SpeedTreePostProcessor.OnPostprocessAllAssets 0.158ms
			PostProcessor.OnPostprocessAllAssets 0.151ms
			TerrainToolbarOverlayPostProcessor.OnPostprocessAllAssets 0.151ms
			MGTerrainPrototypeRefresh.OnPostprocessAllAssets 0.141ms
			AssetEvents.OnPostprocessAllAssets 0.134ms
			AssetDatabaseCallbacks.OnPostprocessAllAssets 0.095ms
			ProjectSettingsPostprocessor.OnPostprocessAllAssets 0.094ms
			MGShaderTemplateEnforcerPostprocessor.OnPostprocessAllAssets 0.088ms
			SamplePostprocessor.OnPostprocessAllAssets 0.085ms
			ConfigAssetsTracker.OnPostprocessAllAssets 0.079ms
			ScenarioDriftAssetsTracker.OnPostprocessAllAssets 0.071ms
			RenderPipelineGlobalSettingsPostprocessor.OnPostprocessAllAssets 0.053ms
	PostAssetChangesProfiler: 0.487ms
	UnloadStreamsBegin: 1.097ms
	Untracked: 888.078ms

Application.AssetDatabase Initial Refresh End
Scanning for USB devices : 2.402ms
Initializing Unity extensions:
Unloading 5 Unused Serialized files (Serialized files now loaded: 0)
Unloading 216 unused Assets / (0.6 MB). Loaded Objects now: 2594.
Memory consumption went from 128.0 MB to 127.5 MB.
Total: 5.509100 ms (FindLiveObjects: 0.145000 ms CreateObjectMapping: 0.063300 ms MarkObjects: 5.068100 ms  DeleteObjects: 0.229800 ms)

Start importing Assets/MergeValidationBootstrap.unity using Guid(b5ed3c0e86afee849b023110981691e8) (DefaultImporter) -> (Import Result ID: '75cfb5de44793b7c46eb819ed0316b60') in 0.0042683 seconds [static dependencies only]. Details - ImportResultOutputID=c10be722da541c832a275f0f62aedb0c DependenciesID=acd1739786f652c17402ba2f987fa92a StaticDependenciesID=e517432fdc85c8ebe2f5820eed2b7415 
Asset Pipeline Refresh (id=7b8b3f6e46455d24ea4c383c0ffa1f71): Total: 0.019 seconds - Initiated by StopAssetImportingV2(NoUpdateAssetOptions)
Start importing Assets/SculptPreviewValidation.unity using Guid(1593953a9bf945e478d58aafa26fa7fe) (DefaultImporter) -> (Import Result ID: '4431d29b11b6102a45bab9e17d5e6dfe') in 0.000645 seconds [static dependencies only]. Details - ImportResultOutputID=6031ebc5e1c71bfe1282aa8b45cae949 DependenciesID=5bb472817d1ef800f0c86af42a09fa0a StaticDependenciesID=a1b1509f8395fd776c956e4b7476b69b 
Asset Pipeline Refresh (id=4cfbceaabebcbf74aa6ad80f7c1ba06a): Total: 0.013 seconds - Initiated by StopAssetImportingV2(NoUpdateAssetOptions)
SCULPT PREVIEW VALIDATION PASSED: deformed picking, max distance, nonuniform scale, topology invalidation, render colours/UVs, welded normals and batched/sequential equivalence.
UnityEngine.Debug:ExtractStackTraceNoAlloc (byte*,int,string)
UnityEngine.StackTraceUtility:ExtractStackTrace ()
UnityEngine.DebugLogHandler:Internal_Log (UnityEngine.LogType,UnityEngine.LogOption,string,UnityEngine.Object)
UnityEngine.DebugLogHandler:LogFormat (UnityEngine.LogType,UnityEngine.Object,string,object[])
UnityEngine.Logger:Log (UnityEngine.LogType,object)
UnityEngine.Debug:Log (object)
MashBoxSDK.MapTools.MGTerrainSculptPreviewValidation:Run ()

Asset Pipeline Refresh (id=2c7ed33fc7c003043a579f044315c17a): Total: 0.012 seconds - Initiated by StopAssetImportingV2(NoUpdateAssetOptions)
Start importing Assets/__TerrainMergeValidation_60ca5cb0e0e7498ea745d320ac516ea1 using Guid(ccc38a9a5816918438d2c28eda26dee2) (DefaultImporter) -> (Import Result ID: '3dbdd8fbbb184d61f64296a933fd8802') in 0.0072268 seconds [static dependencies only]. Details - ImportResultOutputID=8bdbb944a0725d4bd12e54f050fcce8a DependenciesID=264ff6fe5fbde855e4d0b68d81d76a4e StaticDependenciesID=1735c3e75bebefc02cf4966c2d24216a 
Asset Pipeline Refresh (id=a974558a67e818748a54fcf3af22986d): Total: 0.017 seconds - Initiated by StopAssetImportingV2(NoUpdateAssetOptions)
Start importing Assets/__TerrainMergeValidation_60ca5cb0e0e7498ea745d320ac516ea1/Destination.unity using Guid(c276975d2155b874b88a5fac357908b5) (DefaultImporter) -> (Import Result ID: '8f70d7ba123351a62698e980b53f05fb') in 0.000518 seconds [static dependencies only]. Details - ImportResultOutputID=b9622e8323ddcf00ce6e8d22d12c4d9e DependenciesID=9c530bfe2267e701aa37bff109707d2d StaticDependenciesID=802ec3c05e42926fce791c260af97f10 
Asset Pipeline Refresh (id=bb4b33c1d8aa7c5478d504f7f2cd707d): Total: 0.010 seconds - Initiated by StopAssetImportingV2(NoUpdateAssetOptions)
Start importing Assets/__TerrainMergeValidation_60ca5cb0e0e7498ea745d320ac516ea1/Original.asset using Guid(b1f5a9e2f20007e4d99274296373f2a6) (NativeFormatImporter) -> (Import Result ID: '765fbfe0031483be14be6ee4348df80b') in 0.001087 seconds [static dependencies only]. Details - ImportResultOutputID=36d1a67ae7b0ef1ca23ca973eaed1827 DependenciesID=f048f663f8085cfeece0903ae917e873 StaticDependenciesID=a5718a1d935337238b401ed8d58ac4e4 
Asset Pipeline Refresh (id=cab94e67dda93464a95595b92234eeed): Total: 0.017 seconds - Initiated by StopAssetImportingV2(NoUpdateAssetOptions)
Start importing Assets/__TerrainMergeValidation_60ca5cb0e0e7498ea745d320ac516ea1/Source.asset using Guid(6ade085f89649174bb72609982adfd13) (NativeFormatImporter) -> (Import Result ID: '7a74d03f50dbf5a8704a0233b9fc0e05') in 0.0009475 seconds [static dependencies only]. Details - ImportResultOutputID=d68a7b8ca4ed8e47bcea1146877bb355 DependenciesID=b029011c2aaa060f696462eabe001052 StaticDependenciesID=3cfd903991fed35e2b8e6091e64fd11b 
Asset Pipeline Refresh (id=d3e250aab4e28e34297e99dd8617ae64): Total: 0.011 seconds - Initiated by StopAssetImportingV2(NoUpdateAssetOptions)
Start importing Assets/__TerrainMergeValidation_60ca5cb0e0e7498ea745d320ac516ea1/OriginalCollision.asset using Guid(d1efda26e53505a40ba4fd807e8381a7) (NativeFormatImporter) -> (Import Result ID: '6649cbe5bf38447987349c75fb2f3443') in 0.001066 seconds [static dependencies only]. Details - ImportResultOutputID=4c6535dde50d5e59f4cb02724a53ffa6 DependenciesID=9fd6fa13f03e8ab27e40b968e5dbf876 StaticDependenciesID=f56003b6d66f5f3acadd28b14614b232 
Asset Pipeline Refresh (id=acc4f91d8a59fa0458e377be696e237b): Total: 0.012 seconds - Initiated by StopAssetImportingV2(NoUpdateAssetOptions)
MG TERRAIN SCULPT COPY VALIDATION PASSED: scene-stored meshes, zero new asset files, shape/UV retention, independent colliders, grouped Undo/Redo, and subsequent sculpt isolation.
UnityEngine.Debug:ExtractStackTraceNoAlloc (byte*,int,string)
UnityEngine.StackTraceUtility:ExtractStackTrace ()
UnityEngine.DebugLogHandler:Internal_Log (UnityEngine.LogType,UnityEngine.LogOption,string,UnityEngine.Object)
UnityEngine.DebugLogHandler:LogFormat (UnityEngine.LogType,UnityEngine.Object,string,object[])
UnityEngine.Logger:Log (UnityEngine.LogType,object)
UnityEngine.Debug:Log (object)
MashBoxSDK.MapTools.MGTerrainMergeValidation:SculptCopy (MashBoxSDK.Maps.TerrainSystem.MGTerrain,MashBoxSDK.Maps.TerrainSystem.MGTerrain,UnityEngine.Mesh,UnityEngine.Mesh,UnityEngine.MeshCollider)
MashBoxSDK.MapTools.MGTerrainMergeValidation:Run ()
MashBoxSDK.MapTools.MGTerrainSculptPreviewValidation:Run ()

Start importing Assets/__TerrainMergeValidation_60ca5cb0e0e7498ea745d320ac516ea1/Original.asset using Guid(b1f5a9e2f20007e4d99274296373f2a6) (NativeFormatImporter) -> (Import Result ID: '765fbfe0031483be14be6ee4348df80b') in 0.0010863 seconds [static dependencies only]. Details - ImportResultOutputID=36d1a67ae7b0ef1ca23ca973eaed1827 DependenciesID=f048f663f8085cfeece0903ae917e873 StaticDependenciesID=a5718a1d935337238b401ed8d58ac4e4 
Asset Pipeline Refresh (id=cc37304b68ed90245b9b71ced4947122): Total: 0.008 seconds - Initiated by StopAssetImportingV2(NoUpdateAssetOptions)
Start importing Assets/__TerrainMergeValidation_60ca5cb0e0e7498ea745d320ac516ea1/SourceScene.unity using Guid(b1bbeefd97914094096743dc44ef12df) (DefaultImporter) -> (Import Result ID: '735c06d736375fc80f4b4d3c6518fa64') in 0.0007784 seconds [static dependencies only]. Details - ImportResultOutputID=9ae6335d5ad1f888fa70c0ca98a924f7 DependenciesID=49120c9fb51015780dbfd7428ca4c871 StaticDependenciesID=150059bb81ef99410df0b90237937494 
Asset Pipeline Refresh (id=1a77c22f934444a4fa2c2c046edabda1): Total: 0.011 seconds - Initiated by StopAssetImportingV2(NoUpdateAssetOptions)
DisplayProgressbar: Terrain Merge
Loaded scene 'Assets/__TerrainMergeValidation_60ca5cb0e0e7498ea745d320ac516ea1/SourceScene.unity'
	Deserialize:            0.663 ms
	Integration:            0.202 ms
	Integration of assets:  0.014 ms
	Thread Wait Time:       0.009 ms
	Total Operation Time:   0.887 ms
Start importing Assets/__TerrainMergeValidation_60ca5cb0e0e7498ea745d320ac516ea1/Destination using Guid(97436f99d0835f94aa92319ea3650a6f) (DefaultImporter) -> (Import Result ID: 'baef87be3d1f31682feef4ef5c839fc9') in 0.0055574 seconds [static dependencies only]. Details - ImportResultOutputID=451707a11417a4664dd2e082db5c25c8 DependenciesID=372e8b292e13d73cdcb3c82bf7237f96 StaticDependenciesID=619c4b55e81189a8d2f6a282bcb02bc3 
Asset Pipeline Refresh (id=6ccc3f0b063c4e24986baa68bbfc945a): Total: 0.017 seconds - Initiated by StopAssetImportingV2(NoUpdateAssetOptions)
Start importing Assets/__TerrainMergeValidation_60ca5cb0e0e7498ea745d320ac516ea1/Destination/MG Terrain Data using Guid(0481486a73a59754da7d78a144168d3a) (DefaultImporter) -> (Import Result ID: '88387b0335f613e6ff25cd4049a16301') in 0.0089063 seconds [static dependencies only]. Details - ImportResultOutputID=a91bfc816a390f3a84dd3854976180de DependenciesID=a521de98dd7c919051f74f30173a6ce8 StaticDependenciesID=a345beaafb4401d431f1d41ab95c2f48 
Asset Pipeline Refresh (id=1addb55d57dac7f49a76cfefa3143e15): Total: 0.016 seconds - Initiated by StopAssetImportingV2(NoUpdateAssetOptions)
Start importing Assets/__TerrainMergeValidation_60ca5cb0e0e7498ea745d320ac516ea1/Destination/MG Terrain Data/MG Terrain_Destination_MergedSculpt.asset using Guid(2bfb7fb913fc2a14ca7c4a11f2d084cd) (NativeFormatImporter) -> (Import Result ID: '0defa406309006679bdb9d3c9c3382ea') in 0.0012059 seconds [static dependencies only]. Details - ImportResultOutputID=f05681e75b5a428d51bc68c408c42c60 DependenciesID=726468797702036a56e82378d9f81bc4 StaticDependenciesID=ce46d67f7f830807b54722eb1d05906d 
Asset Pipeline Refresh (id=131cf6a53ee303b4fbd843311d794067): Total: 0.013 seconds - Initiated by StopAssetImportingV2(NoUpdateAssetOptions)
Start importing Assets/__TerrainMergeValidation_60ca5cb0e0e7498ea745d320ac516ea1/Destination/MG Terrain Data/MG Terrain_Destination_MergedColliders.asset using Guid(0237153611f619f48b2377140f6ef783) (NativeFormatImporter) -> (Import Result ID: 'af42f751ba769da9e92d45d9b923b583') in 0.0010177 seconds [static dependencies only]. Details - ImportResultOutputID=2514756c5c9ccf50b33e812346a9e050 DependenciesID=80b2a5b7b1c6f5181ee22970e6b9e7dd StaticDependenciesID=e5270f9fa24a8310dc7230103f07620a 
Asset Pipeline Refresh (id=8fbc81c4a4fdcbc43966c5abbe7f3111): Total: 0.012 seconds - Initiated by StopAssetImportingV2(NoUpdateAssetOptions)
Start importing Assets/__TerrainMergeValidation_60ca5cb0e0e7498ea745d320ac516ea1/Coarse.asset using Guid(78d8aa981d1ab9749bee16d3ee7b23fe) (NativeFormatImporter) -> (Import Result ID: 'ffab119f8a2c99949e7a23b1d9d5851f') in 0.0012636 seconds [static dependencies only]. Details - ImportResultOutputID=7a60a5bfb13af37d9e302f6d24f47768 DependenciesID=7ddc3e900e9e0c687d48c862cca00b8d StaticDependenciesID=fe127c7ecd45c0b38bc4be2184ce5ee0 
Asset Pipeline Refresh (id=43ade778d14e295498b587d991d5de70): Total: 0.012 seconds - Initiated by StopAssetImportingV2(NoUpdateAssetOptions)
Start importing Assets/__TerrainMergeValidation_60ca5cb0e0e7498ea745d320ac516ea1/Destination/MG Terrain Data/Merge world_Tile_0_0_MergedSculpt.asset using Guid(a104505b71f968b44a0b6d34e858d77e) (NativeFormatImporter) -> (Import Result ID: '608ad89f4d06af2817624ca066dd7580') in 0.0013363 seconds [static dependencies only]. Details - ImportResultOutputID=9b743668ae2321b00f7fecb52f4d3262 DependenciesID=94cdce31f2a59f07ac73802380f9adcf StaticDependenciesID=13aa17473d29cb762a47ea43cbb4e98a 
Asset Pipeline Refresh (id=8899aef10000c9b45ac98947b02bd915): Total: 0.012 seconds - Initiated by StopAssetImportingV2(NoUpdateAssetOptions)
Start importing Assets/__TerrainMergeValidation_60ca5cb0e0e7498ea745d320ac516ea1/Destination/MG Terrain Data/Merge world_Tile_0_0_MergedSculpt 1.asset using Guid(e1674b56cc5877e4885788fbca0988a5) (NativeFormatImporter) -> (Import Result ID: '147b6c5f928f3426b1fbf43da8985f69') in 0.0010136 seconds [static dependencies only]. Details - ImportResultOutputID=797236106e944389abe333ad80755a25 DependenciesID=76b041c56d4a5a412d097b920daf5174 StaticDependenciesID=941991b6b196790c804f58079440dac8 
Asset Pipeline Refresh (id=20cca079398c46549870fcfafb128793): Total: 0.012 seconds - Initiated by StopAssetImportingV2(NoUpdateAssetOptions)
Start importing Assets/__TerrainMergeValidation_60ca5cb0e0e7498ea745d320ac516ea1/ForeignSceneSculpt.asset using Guid(a2ff5deeb7c5a7c43b130eee7d4d4e24) (NativeFormatImporter) -> (Import Result ID: 'af0009d29c719d64740274fe3eeb9374') in 0.0011452 seconds [static dependencies only]. Details - ImportResultOutputID=bbf2591d2452a935a11ddc6b2d789174 DependenciesID=a5439a0580facdfe07b6a240a6869ded StaticDependenciesID=04038a01d530f225b2e7ebe3831db30f 
Asset Pipeline Refresh (id=ea0a802e1034e7f4f973d2bd0ae643c8): Total: 0.014 seconds - Initiated by StopAssetImportingV2(NoUpdateAssetOptions)
Start importing Assets/__TerrainMergeValidation_60ca5cb0e0e7498ea745d320ac516ea1/Destination/MG Terrain Data/MG Terrain_Copied terrain_SculptedMesh.asset using Guid(93dfe31d6bbb2fc4fac4e059edc1819a) (NativeFormatImporter) -> (Import Result ID: '4774689c6437608f54b3f2a253b62bca') in 0.0011701 seconds [static dependencies only]. Details - ImportResultOutputID=78357ac422e887dc41d42ba40bc04880 DependenciesID=d990585ded913247052314614a18d9c4 StaticDependenciesID=116eba049b965407be1983419dc68b99 
Asset Pipeline Refresh (id=183441c46f2f8e7468d1f8e8474c4d5f): Total: 0.013 seconds - Initiated by StopAssetImportingV2(NoUpdateAssetOptions)
Start importing Assets/__TerrainMergeValidation_60ca5cb0e0e7498ea745d320ac516ea1/Destination/MG Terrain Data/Merge world_Tile_0_0_MergedSculpt.asset using Guid(a104505b71f968b44a0b6d34e858d77e) (NativeFormatImporter) -> (Import Result ID: '12b605f2c670462340acfcc13dba945f') in 0.0010376 seconds [static dependencies only]. Details - ImportResultOutputID=9b743668ae2321b00f7fecb52f4d3262 DependenciesID=32e3d5edfcf63b84ea113b5b9405b250 StaticDependenciesID=d965475c8feffb3aa592f36aefc181c3 
Start importing Assets/__TerrainMergeValidation_60ca5cb0e0e7498ea745d320ac516ea1/Original.asset using Guid(b1f5a9e2f20007e4d99274296373f2a6) (NativeFormatImporter) -> (Import Result ID: '765fbfe0031483be14be6ee4348df80b') in 0.0009169 seconds [static dependencies only]. Details - ImportResultOutputID=36d1a67ae7b0ef1ca23ca973eaed1827 DependenciesID=f048f663f8085cfeece0903ae917e873 StaticDependenciesID=a5718a1d935337238b401ed8d58ac4e4 
Start importing Assets/__TerrainMergeValidation_60ca5cb0e0e7498ea745d320ac516ea1/Destination/MG Terrain Data/Merge world_Tile_0_0_MergedSculpt 1.asset using Guid(e1674b56cc5877e4885788fbca0988a5) (NativeFormatImporter) -> (Import Result ID: 'e9a8c67c6637083208cc3b1e39c47dc7') in 0.0010828 seconds [static dependencies only]. Details - ImportResultOutputID=797236106e944389abe333ad80755a25 DependenciesID=399ab3a0a4b8738dba9c8cb615bc9415 StaticDependenciesID=a72afd45b840218aef931d32d211f28a 
Start importing Assets/__TerrainMergeValidation_60ca5cb0e0e7498ea745d320ac516ea1/Destination/MG Terrain Data/MG Terrain_Destination_MergedColliders.asset using Guid(0237153611f619f48b2377140f6ef783) (NativeFormatImporter) -> (Import Result ID: 'b196777c910c597f2d2fe84eb4860393') in 0.0008026 seconds [static dependencies only]. Details - ImportResultOutputID=2514756c5c9ccf50b33e812346a9e050 DependenciesID=5bffdb173ef69cc72b71e6ceb11a48ea StaticDependenciesID=258b19994e19418fca39ae9b36fdb686 
Start importing Assets/__TerrainMergeValidation_60ca5cb0e0e7498ea745d320ac516ea1/Destination/MG Terrain Data/MG Terrain_Copied terrain_SculptedMesh.asset using Guid(93dfe31d6bbb2fc4fac4e059edc1819a) (NativeFormatImporter) -> (Import Result ID: '4774689c6437608f54b3f2a253b62bca') in 0.0006956 seconds [static dependencies only]. Details - ImportResultOutputID=78357ac422e887dc41d42ba40bc04880 DependenciesID=d990585ded913247052314614a18d9c4 StaticDependenciesID=116eba049b965407be1983419dc68b99 
Start importing Assets/__TerrainMergeValidation_60ca5cb0e0e7498ea745d320ac516ea1/Destination/MG Terrain Data/MG Terrain_Destination_MergedSculpt.asset using Guid(2bfb7fb913fc2a14ca7c4a11f2d084cd) (NativeFormatImporter) -> (Import Result ID: 'b272678c022ca7cd569a5cf7ee07e6a0') in 0.0008073 seconds [static dependencies only]. Details - ImportResultOutputID=f05681e75b5a428d51bc68c408c42c60 DependenciesID=9f3dd9694271843d752a725be4bf28d6 StaticDependenciesID=60e27d41b1178e61d723c25d72a58362 
Asset Pipeline Refresh (id=6d532589c3413a142a29c27127e9b3a2): Total: 0.013 seconds - Initiated by StopAssetImportingV2(NoUpdateAssetOptions)
Start importing Assets/__TerrainMergeValidation_60ca5cb0e0e7498ea745d320ac516ea1/Destination.unity using Guid(c276975d2155b874b88a5fac357908b5) (DefaultImporter) -> (Import Result ID: '84e85f54e2ec0b06f0783e7748460c0d') in 0.0006345 seconds [static dependencies only]. Details - ImportResultOutputID=b9622e8323ddcf00ce6e8d22d12c4d9e DependenciesID=13c6c79e39bfe9283a6bb1756c9b4403 StaticDependenciesID=10ec194375d94f34679eb51422433d85 
Asset Pipeline Refresh (id=8bc1cafde50ea284ebe90fa68bd33d0a): Total: 0.011 seconds - Initiated by StopAssetImportingV2(NoUpdateAssetOptions)
Opening scene 'Assets/__TerrainMergeValidation_60ca5cb0e0e7498ea745d320ac516ea1/Destination.unity additively'
Loaded scene 'Assets/__TerrainMergeValidation_60ca5cb0e0e7498ea745d320ac516ea1/Destination.unity'
	Deserialize:            0.917 ms
	Integration:            0.377 ms
	Integration of assets:  0.001 ms
	Thread Wait Time:       0.010 ms
	Total Operation Time:   1.305 ms
MG TERRAIN MERGE VALIDATION PASSED: saved-scene preview loading, transformed triangle sampling, snapshot isolation, coverage, soft brush bounds, strength, whole tile, no height stacking, independent meshes and colliders, mixed-resolution seams, source preservation, UV/topology preservation, collision picking, Undo/Redo, cancelled strokes, copied-scene ownership, and save/reload.
UnityEngine.Debug:ExtractStackTraceNoAlloc (byte*,int,string)
UnityEngine.StackTraceUtility:ExtractStackTrace ()
UnityEngine.DebugLogHandler:Internal_Log (UnityEngine.LogType,UnityEngine.LogOption,string,UnityEngine.Object)
UnityEngine.DebugLogHandler:LogFormat (UnityEngine.LogType,UnityEngine.Object,string,object[])
UnityEngine.Logger:Log (UnityEngine.LogType,object)
UnityEngine.Debug:Log (object)
MashBoxSDK.MapTools.MGTerrainMergeValidation:Run ()
MashBoxSDK.MapTools.MGTerrainSculptPreviewValidation:Run ()

Asset Pipeline Refresh (id=11111bd02c1e9a1469683b88fab7f93c): Total: 0.008 seconds - Initiated by StopAssetImportingV2(NoUpdateAssetOptions)
Mesh.uv is out of bounds. The supplied array needs to be the same size as the Mesh.vertices array.
UnityEngine.Debug:ExtractStackTraceNoAlloc (byte*,int,string)
UnityEngine.StackTraceUtility:ExtractStackTrace ()
UnityEngine.Mesh:SetArrayForChannelImpl (UnityEngine.Rendering.VertexAttribute,UnityEngine.Rendering.VertexAttributeFormat,int,System.Array,int,int,int,UnityEngine.Rendering.MeshUpdateFlags)
UnityEngine.Mesh:SetSizedArrayForChannel (UnityEngine.Rendering.VertexAttribute,UnityEngine.Rendering.VertexAttributeFormat,int,System.Array,int,int,int,UnityEngine.Rendering.MeshUpdateFlags)
UnityEngine.Mesh:SetArrayForChannel<UnityEngine.Vector2> (UnityEngine.Rendering.VertexAttribute,UnityEngine.Vector2[],UnityEngine.Rendering.MeshUpdateFlags)
UnityEngine.Mesh:set_uv (UnityEngine.Vector2[])
MashBoxSDK.MapTools.MGTerrainSeamValidation:StitchedRim ()
MashBoxSDK.MapTools.MGTerrainSeamValidation:Run ()
MashBoxSDK.MapTools.MGTerrainSculptPreviewValidation:Run ()

[C:\build\output\unity\unity\Runtime\Graphics\Mesh\Mesh.cpp line 1256]

MG TERRAIN BUFFERED SEAM VALIDATION PASSED: four 129x129 tiles, shared heights/normals and four-way corner, unchanged interiors, stable mesh identity. Changing-border join: 1.958 ms/sample, 0 managed bytes/sample across 30 warmed samples (synthetic preview scene, not full frame time).
UnityEngine.Debug:ExtractStackTraceNoAlloc (byte*,int,string)
UnityEngine.StackTraceUtility:ExtractStackTrace ()
UnityEngine.DebugLogHandler:Internal_Log (UnityEngine.LogType,UnityEngine.LogOption,string,UnityEngine.Object)
UnityEngine.DebugLogHandler:LogFormat (UnityEngine.LogType,UnityEngine.Object,string,object[])
UnityEngine.Logger:Log (UnityEngine.LogType,object)
UnityEngine.Debug:Log (object)
MashBoxSDK.MapTools.MeshSculptWindow:ValidateBufferedSeamJoining ()
MashBoxSDK.MapTools.MGTerrainSeamValidation:Run ()
MashBoxSDK.MapTools.MGTerrainSculptPreviewValidation:Run ()

Start importing Assets/MGSeamValidation_786e795fb90a4c17ba1a2792291cf3c5 using Guid(0302faf5478ace54b8d57f6d6704fb8d) (DefaultImporter) -> (Import Result ID: 'c06420105c9d7f899d6c9999d44c531a') in 0.0056581 seconds [static dependencies only]. Details - ImportResultOutputID=712188858dc9050fb3ee2be9ebeeb465 DependenciesID=de5a6cf4d7cc1438f203cb1d49d67c3d StaticDependenciesID=74666d59f01468d21d14c2d7e7292732 
Asset Pipeline Refresh (id=3a21a1efd8ac9834fa38df4f3418992a): Total: 0.016 seconds - Initiated by StopAssetImportingV2(NoUpdateAssetOptions)
Start importing Assets/MGSeamValidation_786e795fb90a4c17ba1a2792291cf3c5/Test.unity using Guid(3bf3dae14e398444c80ea083a9ff2081) (DefaultImporter) -> (Import Result ID: 'fb45575f4ef1a6b04a6fdfa520672735') in 0.0007216 seconds [static dependencies only]. Details - ImportResultOutputID=68b8e70f8cbf176281217eac182ec25f DependenciesID=c866c6b33da173c79305fc34372a06c5 StaticDependenciesID=d20b9275d184854fe0ffd660895782cd 
Asset Pipeline Refresh (id=ab98c52281294544aa679d08d427a9de): Total: 0.011 seconds - Initiated by StopAssetImportingV2(NoUpdateAssetOptions)
Start importing Assets/MGSeamValidation_786e795fb90a4c17ba1a2792291cf3c5/source0.asset using Guid(48df5c9da590a614c80afe6be2776f65) (NativeFormatImporter) -> (Import Result ID: '91f1299f4a8321cfbed56d469e7e73f3') in 0.0009349 seconds [static dependencies only]. Details - ImportResultOutputID=f206c123d05ae8426eac0b58606e9191 DependenciesID=649f89bf1b3fb95100a20913ac792a82 StaticDependenciesID=4fef7cd024ab0111e046c7a3e9f72907 
Asset Pipeline Refresh (id=65f97f27ba62ef8498f40123db7199bc): Total: 0.015 seconds - Initiated by StopAssetImportingV2(NoUpdateAssetOptions)
Start importing Assets/MGSeamValidation_786e795fb90a4c17ba1a2792291cf3c5/source1.asset using Guid(f49a3ce927957334ca28b15afd5bc519) (NativeFormatImporter) -> (Import Result ID: 'c93357b6264181dfd471a516166565ae') in 0.0011313 seconds [static dependencies only]. Details - ImportResultOutputID=fa08233eec94acb5d97e82efda8b7243 DependenciesID=d4f8ca47764f78ea96412743b2752ba7 StaticDependenciesID=8545dd773d37faa75e005c6ef40ff92c 
Asset Pipeline Refresh (id=78ef3b9a5acad88448fdf1bdd3d69781): Total: 0.012 seconds - Initiated by StopAssetImportingV2(NoUpdateAssetOptions)
Start importing Assets/MGSeamValidation_786e795fb90a4c17ba1a2792291cf3c5/Test using Guid(64f17b47130032245842074a51cc531a) (DefaultImporter) -> (Import Result ID: '4c5d9ff27a2f1ea84ec00f61e477626a') in 0.010424 seconds [static dependencies only]. Details - ImportResultOutputID=4d71248b9c4046960315894a2a49ebf9 DependenciesID=8fc75350cb83f9c03296fed5bac31387 StaticDependenciesID=5c4f6ff7e35efcb89a49bc148f83e8b0 
Asset Pipeline Refresh (id=4a897b4dfe7171e48aa1ed8a5177a812): Total: 0.017 seconds - Initiated by StopAssetImportingV2(NoUpdateAssetOptions)
Start importing Assets/MGSeamValidation_786e795fb90a4c17ba1a2792291cf3c5/Test/MG Terrain Data using Guid(32f6c1f96260fbf4492e5ee3dd2b868c) (DefaultImporter) -> (Import Result ID: 'f35d7ba3bc8bdfe30c1618975414069e') in 0.0070042 seconds [static dependencies only]. Details - ImportResultOutputID=1660b10896adb517b3180c0fa393e6e1 DependenciesID=686208c2c7cb35b014c592eac702f5fe StaticDependenciesID=ef08b7ba18fe5846263da1c19ba3b184 
Asset Pipeline Refresh (id=db99377da729af146ad6ae1181882744): Total: 0.015 seconds - Initiated by StopAssetImportingV2(NoUpdateAssetOptions)
Start importing Assets/MGSeamValidation_786e795fb90a4c17ba1a2792291cf3c5/Test/MG Terrain Data/Validation World_Tile_0_0_SculptedMesh.asset using Guid(c9850167bf00c8e48bfddfb2ed3cc6dc) (NativeFormatImporter) -> (Import Result ID: 'a1437827e6efdf4acf0548d615028fbf') in 0.0010998 seconds [static dependencies only]. Details - ImportResultOutputID=e5ea7196e4fe9a198d3eb968a4c595f0 DependenciesID=3e542a744cb59ec1f751cd353c95d6e1 StaticDependenciesID=2df5231d1037292704e1cc5cbb090149 
Asset Pipeline Refresh (id=06089894942d6284aadb27a8f496a687): Total: 0.012 seconds - Initiated by StopAssetImportingV2(NoUpdateAssetOptions)
Start importing Assets/MGSeamValidation_786e795fb90a4c17ba1a2792291cf3c5/Test/MG Terrain Data/Validation World_Tile_1_0_SculptedMesh.asset using Guid(97f8be134f9276d45a43f937fb1008b8) (NativeFormatImporter) -> (Import Result ID: '38f7b53609488667c36150b7b448a0ac') in 0.0012105 seconds [static dependencies only]. Details - ImportResultOutputID=83604075dc4ad4baadb170f58636b399 DependenciesID=a84d17a4fee15b28150d6ed39bfb29fc StaticDependenciesID=d75a7d508d805a48677051f47cef0874 
Asset Pipeline Refresh (id=d14639544be628e40b7aa2d63f6e18f4): Total: 0.012 seconds - Initiated by StopAssetImportingV2(NoUpdateAssetOptions)
Start importing Assets/MGSeamValidation_786e795fb90a4c17ba1a2792291cf3c5/Test/MG Terrain Data/Validation World_Tile_0_0_SculptedMesh.asset using Guid(c9850167bf00c8e48bfddfb2ed3cc6dc) (NativeFormatImporter) -> (Import Result ID: '7ec9c633ce73a65ef1ab09a898115d69') in 0.0010247 seconds [static dependencies only]. Details - ImportResultOutputID=e5ea7196e4fe9a198d3eb968a4c595f0 DependenciesID=315bb69c7da42e8b3dc9d73fbbb602a7 StaticDependenciesID=1cf83aaf696e9e0800ee68699ba155f8 
Asset Pipeline Refresh (id=bbf821167a6617e42853ba8af7d91f7c): Total: 0.007 seconds - Initiated by StopAssetImportingV2(NoUpdateAssetOptions)
Start importing Assets/MGSeamValidation_786e795fb90a4c17ba1a2792291cf3c5/Test/MG Terrain Data/Validation World_Tile_1_0_SculptedMesh.asset using Guid(97f8be134f9276d45a43f937fb1008b8) (NativeFormatImporter) -> (Import Result ID: '4d07d30903edb795d620f207e293d893') in 0.0009287 seconds [static dependencies only]. Details - ImportResultOutputID=83604075dc4ad4baadb170f58636b399 DependenciesID=48d798c9ccc7af7f2a0a273fd013d952 StaticDependenciesID=7b58822bba5eafe5baec7a4d25a5d7d3 
Asset Pipeline Refresh (id=f1255426cf4cd0e4794ca62d5ea2d64f): Total: 0.007 seconds - Initiated by StopAssetImportingV2(NoUpdateAssetOptions)
Start importing Assets/MGSeamValidation_786e795fb90a4c17ba1a2792291cf3c5/Test.unity using Guid(3bf3dae14e398444c80ea083a9ff2081) (DefaultImporter) -> (Import Result ID: '67d55a5a0014dbf936593ace0a03d1e1') in 0.0006226 seconds [static dependencies only]. Details - ImportResultOutputID=68b8e70f8cbf176281217eac182ec25f DependenciesID=6cb0d53497dde5b2c418d09338d6e719 StaticDependenciesID=c701f8a707f4ebf5d9ce43f389815612 
Asset Pipeline Refresh (id=408e4ab0627276f478ebe30fe195f4d8): Total: 0.011 seconds - Initiated by StopAssetImportingV2(NoUpdateAssetOptions)
Start importing Assets/MGSeamValidation_786e795fb90a4c17ba1a2792291cf3c5/Test/MG Terrain Data/Validation World_Tile_1_0_SculptedMesh.asset using Guid(97f8be134f9276d45a43f937fb1008b8) (NativeFormatImporter) -> (Import Result ID: '47532ce73784f2d646052b64037113af') in 0.0009769 seconds [static dependencies only]. Details - ImportResultOutputID=83604075dc4ad4baadb170f58636b399 DependenciesID=e4416078acdc779157c4127ce4a3b2dc StaticDependenciesID=dc0a3bea8b4016b07a8a14b9ccef9633 
Start importing Assets/MGSeamValidation_786e795fb90a4c17ba1a2792291cf3c5/Test/MG Terrain Data/Validation World_Tile_0_0_SculptedMesh.asset using Guid(c9850167bf00c8e48bfddfb2ed3cc6dc) (NativeFormatImporter) -> (Import Result ID: '44e300ef3aa2a39f3e9441139a0d2259') in 0.000772 seconds [static dependencies only]. Details - ImportResultOutputID=e5ea7196e4fe9a198d3eb968a4c595f0 DependenciesID=af633a65323a8f909c65af0eeb48f38f StaticDependenciesID=cb83b0d859d740d98278de0e5fee96dd 
Asset Pipeline Refresh (id=d0180e39d1299474f8edc04e98e080c0): Total: 0.009 seconds - Initiated by StopAssetImportingV2(NoUpdateAssetOptions)
Start importing Assets/MGSeamValidation_786e795fb90a4c17ba1a2792291cf3c5/Test.unity using Guid(3bf3dae14e398444c80ea083a9ff2081) (DefaultImporter) -> (Import Result ID: '67d55a5a0014dbf936593ace0a03d1e1') in 0.0005658 seconds [static dependencies only]. Details - ImportResultOutputID=68b8e70f8cbf176281217eac182ec25f DependenciesID=6cb0d53497dde5b2c418d09338d6e719 StaticDependenciesID=c701f8a707f4ebf5d9ce43f389815612 
Asset Pipeline Refresh (id=c770dffbfd307004384608c723bb2069): Total: 0.011 seconds - Initiated by StopAssetImportingV2(NoUpdateAssetOptions)
Start importing Assets/MGSeamValidation_786e795fb90a4c17ba1a2792291cf3c5/Test/MG Terrain Data/Validation World_Tile_0_0_SculptedMesh.asset using Guid(c9850167bf00c8e48bfddfb2ed3cc6dc) (NativeFormatImporter) -> (Import Result ID: '44e300ef3aa2a39f3e9441139a0d2259') in 0.0009595 seconds [static dependencies only]. Details - ImportResultOutputID=e5ea7196e4fe9a198d3eb968a4c595f0 DependenciesID=af633a65323a8f909c65af0eeb48f38f StaticDependenciesID=cb83b0d859d740d98278de0e5fee96dd 
Asset Pipeline Refresh (id=0967613aec58378418496aebc400482d): Total: 0.009 seconds - Initiated by StopAssetImportingV2(NoUpdateAssetOptions)
Start importing Assets/MGSeamValidation_786e795fb90a4c17ba1a2792291cf3c5/Test/MG Terrain Data/Validation World_Tile_1_0_SculptedMesh.asset using Guid(97f8be134f9276d45a43f937fb1008b8) (NativeFormatImporter) -> (Import Result ID: '47532ce73784f2d646052b64037113af') in 0.0009253 seconds [static dependencies only]. Details - ImportResultOutputID=83604075dc4ad4baadb170f58636b399 DependenciesID=e4416078acdc779157c4127ce4a3b2dc StaticDependenciesID=dc0a3bea8b4016b07a8a14b9ccef9633 
Asset Pipeline Refresh (id=545f9a106276c584b97958d132dd6a82): Total: 0.006 seconds - Initiated by StopAssetImportingV2(NoUpdateAssetOptions)
Opening scene 'Assets/MGSeamValidation_786e795fb90a4c17ba1a2792291cf3c5/Test.unity additively'
Loaded scene 'Assets/MGSeamValidation_786e795fb90a4c17ba1a2792291cf3c5/Test.unity'
	Deserialize:            0.525 ms
	Integration:            0.182 ms
	Integration of assets:  0.001 ms
	Thread Wait Time:       0.008 ms
	Total Operation Time:   0.716 ms
Start importing Assets/MGSeamValidation_786e795fb90a4c17ba1a2792291cf3c5/Test/MG Terrain Data/Validation World_Tile_0_0_SculptedMesh.asset using Guid(c9850167bf00c8e48bfddfb2ed3cc6dc) (NativeFormatImporter) -> (Import Result ID: '27eb8a633c969fbd2e246ce3f3893cc5') in 0.0008416 seconds [static dependencies only]. Details - ImportResultOutputID=e5ea7196e4fe9a198d3eb968a4c595f0 DependenciesID=ccbca3555604d4253b591cbaaa8e8e86 StaticDependenciesID=8402dae1cfccae36666a762542e83ff0 
Asset Pipeline Refresh (id=7b4cde9f68e2bbe4c9ca392f3f4d8a9f): Total: 0.007 seconds - Initiated by StopAssetImportingV2(NoUpdateAssetOptions)
Opening scene 'Assets/MGSeamValidation_786e795fb90a4c17ba1a2792291cf3c5/Test.unity additively'
Loaded scene 'Assets/MGSeamValidation_786e795fb90a4c17ba1a2792291cf3c5/Test.unity'
	Deserialize:            0.503 ms
	Integration:            0.119 ms
	Integration of assets:  0.001 ms
	Thread Wait Time:       0.012 ms
	Total Operation Time:   0.636 ms
Asset Pipeline Refresh (id=c67b99291ce684244b9ef9d0d41f25c6): Total: 0.007 seconds - Initiated by StopAssetImportingV2(NoUpdateAssetOptions)
MG TERRAIN MIXED SEAM VALIDATION PASSED: equal, 4:1 and non-integer grids; full-segment radius expansion; normals; T-junctions; stitched rims; coarse-edge propagation; nonuniform scale; idempotence; unchanged interiors/topology/source assets; Undo/Redo; save/reload; scene-open repair without autosaving.
UnityEngine.Debug:ExtractStackTraceNoAlloc (byte*,int,string)
UnityEngine.StackTraceUtility:ExtractStackTrace ()
UnityEngine.DebugLogHandler:Internal_Log (UnityEngine.LogType,UnityEngine.LogOption,string,UnityEngine.Object)
UnityEngine.DebugLogHandler:LogFormat (UnityEngine.LogType,UnityEngine.Object,string,object[])
UnityEngine.Logger:Log (UnityEngine.LogType,object)
UnityEngine.Debug:Log (object)
MashBoxSDK.MapTools.MGTerrainSeamValidation:Run ()
MashBoxSDK.MapTools.MGTerrainSculptPreviewValidation:Run ()

MG TERRAIN SEAM PERFORMANCE VALIDATION PASSED: 20 seam crossings without collider finalization; both colliders finalized on mouse-up; paint ownership survives editor recreation and stays isolated per tile.
UnityEngine.Debug:ExtractStackTraceNoAlloc (byte*,int,string)
UnityEngine.StackTraceUtility:ExtractStackTrace ()
UnityEngine.DebugLogHandler:Internal_Log (UnityEngine.LogType,UnityEngine.LogOption,string,UnityEngine.Object)
UnityEngine.DebugLogHandler:LogFormat (UnityEngine.LogType,UnityEngine.Object,string,object[])
UnityEngine.Logger:Log (UnityEngine.LogType,object)
UnityEngine.Debug:Log (object)
MashBoxSDK.MapTools.MeshSculptWindow:ValidateSeamStrokePerformance ()
MashBoxSDK.MapTools.MGTerrainSculptPreviewValidation:Run ()

Batchmode quit successfully invoked - shutting down!
[Physics::Module] Cleanup current backend.
[Physics::Module] Id: 0xf2b8ea05
Input System module state changed to: ShutdownInProgress.
Input Polling Thread exited.
Input System module state changed to: Shutdown.
[Licensing::IpcConnector] LicenseClient-matth-notifications channel disconnected successfully.
[Licensing::IpcConnector] LicenseClient-matth channel disconnected successfully.
AcceleratorClientConnectionCallback - disconnected - :0
Cleanup mono
CodeReloadManager destroyed
12:23:37.175 |V| RiderPlugin                    | :1                             | AppDomain.CurrentDomain.DomainUnload lifetimeDefinition.Terminate
Exiting batchmode successfully now!
Exiting without the bug reporter. Application will terminate with return code 0